-- MySQL dump 10.16  Distrib 10.1.34-MariaDB, for Linux (x86_64)
--
-- Host: localhost    Database: grlc
-- ------------------------------------------------------
-- Server version	10.1.34-MariaDB

/*!40101 SET @OLD_CHARACTER_SET_CLIENT=@@CHARACTER_SET_CLIENT */;
/*!40101 SET @OLD_CHARACTER_SET_RESULTS=@@CHARACTER_SET_RESULTS */;
/*!40101 SET @OLD_COLLATION_CONNECTION=@@COLLATION_CONNECTION */;
/*!40101 SET NAMES utf8 */;
/*!40103 SET @OLD_TIME_ZONE=@@TIME_ZONE */;
/*!40103 SET TIME_ZONE='+00:00' */;
/*!40014 SET @OLD_UNIQUE_CHECKS=@@UNIQUE_CHECKS, UNIQUE_CHECKS=0 */;
/*!40014 SET @OLD_FOREIGN_KEY_CHECKS=@@FOREIGN_KEY_CHECKS, FOREIGN_KEY_CHECKS=0 */;
/*!40101 SET @OLD_SQL_MODE=@@SQL_MODE, SQL_MODE='NO_AUTO_VALUE_ON_ZERO' */;
/*!40111 SET @OLD_SQL_NOTES=@@SQL_NOTES, SQL_NOTES=0 */;

--
-- Table structure for table `pool`
--

DROP TABLE IF EXISTS `pool`;
/*!40101 SET @saved_cs_client     = @@character_set_client */;
/*!40101 SET character_set_client = utf8 */;
CREATE TABLE `pool` (
  `id` int(11) NOT NULL AUTO_INCREMENT,
  `group` int(11) DEFAULT NULL,
  `name` varchar(64) NOT NULL,
  `solo` tinyint(4) NOT NULL DEFAULT '0',
  `website` varchar(64) DEFAULT NULL,
  `graphcolor` char(6) DEFAULT NULL,
  PRIMARY KEY (`id`),
  UNIQUE KEY `name_UNIQUE` (`name`),
  KEY `fk_pool_group_idx` (`group`),
  CONSTRAINT `fk_pool_group` FOREIGN KEY (`group`) REFERENCES `poolgroup` (`id`) ON DELETE NO ACTION ON UPDATE NO ACTION
) ENGINE=InnoDB AUTO_INCREMENT=540 DEFAULT CHARSET=utf8;
/*!40101 SET character_set_client = @saved_cs_client */;

--
-- Dumping data for table `pool`
--

LOCK TABLES `pool` WRITE;
/*!40000 ALTER TABLE `pool` DISABLE KEYS */;
INSERT INTO `pool` VALUES (1,NULL,'FreshGRLC.net',0,'https://www.freshgrlc.net/',NULL),(2,1,'GfGydXmonqA67KRRNBc5bkVq8pghxDHTiC (Solo miner)',1,NULL,NULL),(3,1,'GekvvhshyyKHbfHDpAw25gBh4Wptdjrfaj (Solo miner)',1,NULL,NULL),(4,1,'GN4CiVKVAg5jKqZBTSznqhQ5vLjgJjm5e7 (Solo miner)',1,NULL,NULL),(5,1,'GU9jUkPKHkxpKmD3hjhVGRmnCYPjZ6yrgG (Solo miner)',1,NULL,NULL),(6,1,'GUL2y4KfGjXkbP93hom1fCKM4UZjLi3ABp (Solo miner)',1,NULL,NULL),(7,1,'GZa9m6KLqsP9R3qAt2JRQd68EYzcAv6oMn (Solo miner)',1,NULL,NULL),(8,1,'GSMWvLzBtPZpBd2Eh84Dbvo9zCisEKvUnW (Solo miner)',1,NULL,NULL),(9,1,'GU5QjYBr6enHxMXWHBSDs1YsSKchPcStHj (Solo miner)',1,NULL,NULL),(10,1,'GUii57uwL2pXZZS1TGyoHkGERQZBypFw9S (Solo miner)',1,NULL,NULL),(11,1,'GJAbzwPD3cfgeaZ4TPDXRGT4xVcKWEEBqr (Solo miner)',1,NULL,NULL),(12,1,'GQC5UeggQNjt27R5xPEDrzJ52rqYNC3Ra5 (Solo miner)',1,NULL,NULL),(13,1,'GJJDPnRJVMuzLsmaRax4FZfgoPzeUNnzmJ (Solo miner)',1,NULL,NULL),(14,1,'GMGVeZvzx7heYx7PZTZTkbWdNEh6MasjYX (Solo miner)',1,NULL,NULL),(15,1,'GYWui5cvEnVu9K95EnXjADGo5wVhJaCnkT (Solo miner)',1,NULL,NULL),(16,1,'GQRavrNTy9HzPY17ediLUCnNhYXJkszdoo (Solo miner)',1,NULL,NULL),(17,1,'GJcKFEF9pMzPx39N9pgzggFAnHsMJETgfA (Solo miner)',1,NULL,NULL),(18,1,'GeqokXDAjVGHCHknpoPPp837sFCUDgt2VH (Solo miner)',1,NULL,NULL),(19,1,'GcLTwr3WckhTtohcj593gZ5pJCeVfyHNki (Solo miner)',1,NULL,NULL),(20,1,'GaaJJji4MKjSUEo3EWJqPHynA13MSnde5A (Solo miner)',1,NULL,NULL),(21,1,'GPc4UxcUHAJR2riv75snJgaGWJpsZHU1RC (Solo miner)',1,NULL,NULL),(22,1,'GQSTcHNypYCPX8HyQYejCZfSR3ZKrbwoNa (Solo miner)',1,NULL,NULL),(23,1,'Gh6DhdhFv4QeB4PuGuNTEt4hc1Vvx7nwyR (Solo miner)',1,NULL,NULL),(24,1,'GfuinyhJWcq9oCm1v8SJygC3e5agwP2rGQ (Solo miner)',1,NULL,NULL),(25,1,'Gdk6vG3skSJqDF3XTaBfbMeHNFpHWdn9id (Solo miner)',1,NULL,NULL),(26,1,'GTz3Hq6qjytD6dpLDwEXDXcvRrAvUrh7FM (Solo miner)',1,NULL,NULL),(27,1,'GVtURS4h3YKbGscXcyan8RSYjPEzFanqnu (Solo miner)',1,NULL,NULL),(28,1,'GVjR2Q6Bi7KDrQu5bQMKTV3vDQzPRKuaXm (Solo miner)',1,NULL,NULL),(29,1,'GTrMdtniK11YQLc6VgJGgjeJFoUaPDa33G (Solo miner)',1,NULL,NULL),(30,1,'GVKkzw6Ln4sK7r7KqfXnfL3wdjLmN1Muhk (Solo miner)',1,NULL,NULL),(31,1,'GbqWf7hc4EdKzLtn2Mht6Zer763QPYBnpL (Solo miner)',1,NULL,NULL),(32,1,'Ge3bAAnH1LX39J74qqCXaSBpjepcT1BHnW (Solo miner)',1,NULL,NULL),(33,1,'GcgvoELZXBqLHfSJNW98LHrpSFAebbWnFh (Solo miner)',1,NULL,NULL),(34,1,'GZ3YZjK6JFBZNfbCs6pAFExXQKnDn1gAGe (Solo miner)',1,NULL,NULL),(35,1,'GNRC8TaiJY5z4n7TbjU7UBjv2VkB92aPos (Solo miner)',1,NULL,NULL),(36,1,'GQSTJF6wzVxUx8S7cC8n2pTk8XeXZtPPey (Solo miner)',1,NULL,NULL),(37,1,'GfELuj8VyAD5Tx3cxiug4gredjFJSobrBC (Solo miner)',1,NULL,NULL),(38,1,'GZCSCuwAV6gD71EHAEWiXcRpE1t1vkkpPo (Solo miner)',1,NULL,NULL),(39,1,'GNiK2yXznTUpNDnsAMKtTHTFxng9iQbkKj (Solo miner)',1,NULL,NULL),(40,1,'GdhCr7uSCap9zdKBKjwDKF8fLobSLF93Dq (Solo miner)',1,NULL,NULL),(41,1,'GLYkhXccFwjvFMckv3hdUmWhuyWL4THM7D (Solo miner)',1,NULL,NULL),(42,1,'GgjvkMV9UcDCWkHv1MzFCB54AvHrRHYMJa (Solo miner)',1,NULL,NULL),(43,1,'GKAwiAfvSAuuQ6iYEhinxiouLNyhKCudaU (Solo miner)',1,NULL,NULL),(44,1,'GU7HH9XKo1aeZQ5WCLx7Pvexx6ysNoQrvz (Solo miner)',1,NULL,NULL),(45,1,'GVsXdgsVNey2V5J78LysEDcKntA9dv9d37 (Solo miner)',1,NULL,NULL),(46,1,'GZixw8GsAdYoyrk4n58KAiXEn2ZaaXJved (Solo miner)',1,NULL,NULL),(47,1,'GTEdd2C97qkApNTH3PB1YUmQpioPp4YmhM (Solo miner)',1,NULL,NULL),(48,1,'GSDZnLjC38tqG1Kaa3ZMFK9phooCgDYU5Y (Solo miner)',1,NULL,NULL),(49,1,'GerEB1xkDbsyFd5zAER1gn6PPazLJr4Db1 (Solo miner)',1,NULL,NULL),(50,1,'Gd1uXGbBQo8S51YMCZXJ292rsQmrmiLW4y (Solo miner)',1,NULL,NULL),(51,1,'GQzv2ZiY1w3gnV1svjET7aD1Rphg27AeP1 (Solo miner)',1,NULL,NULL),(52,1,'GNw5kdw7rCX3q86spgteikBrWQmYWu1SNi (Solo miner)',1,NULL,NULL),(53,1,'GZMiLRzPqP5bgeVi4XLdPwGAw8ye8FYkNW (Solo miner)',1,NULL,NULL),(54,1,'GJaiwsHAArpCRoGvGoZwC8Fidtpw95QwDE (Solo miner)',1,NULL,NULL),(55,1,'GewLxUJnhbBAvyhK91FBmxE2JRdMmKmhRD (Solo miner)',1,NULL,NULL),(56,1,'GK2CuyzgYZo9MwhtAkdbFToeyT6Fyc1y6j (Solo miner)',1,NULL,NULL),(57,1,'GKQ8S1TFrVp4bPHGdYYUt8JrYi1xH33mcY (Solo miner)',1,NULL,NULL),(58,1,'GPAYaBKDUuxeygiLCmrGVb3R7Bmbt5F6mZ (Solo miner)',1,NULL,NULL),(59,1,'GbyJVkoa1ZQGLkwKU2iaL8Kh9s5bTjXb5L (Solo miner)',1,NULL,NULL),(60,1,'GJyxuun8uAgaKgm74dXXj3883QXhSyyTzW (Solo miner)',1,NULL,NULL),(61,1,'GRt3su4sK7dh3AW1gB2jZvpMeRJ5bckJPc (Solo miner)',1,NULL,NULL),(62,1,'GTL65fBHnULqnYv1r8WEQy3VPZStyE6KYi (Solo miner)',1,NULL,NULL),(63,1,'GLVhQyYPFiSdkEbw3CqZqZF2rkgFbcrbac (Solo miner)',1,NULL,NULL),(64,1,'GWLKfgLp8pFWxiSc8jzTNkVQG7qPNsHhHB (Solo miner)',1,NULL,NULL),(65,1,'GVsPDgHfxq7dDif3XhS23p64C19vGJKrSC (Solo miner)',1,NULL,NULL),(66,1,'GaFpuVXN4jxepfCuXJapyHKg1ShqMJHSB6 (Solo miner)',1,NULL,NULL),(67,1,'GfEJGVQNbaKh2fqhbMs33YcghmtMigZbWt (Solo miner)',1,NULL,NULL),(68,1,'GSXN6Yro2AsyLmZRsCwkFzFMasNUurwqtV (Solo miner)',1,NULL,NULL),(69,1,'GaFCfNThib3St3xvg7Xp1YdrVHbqrSr7XU (Solo miner)',1,NULL,NULL),(70,1,'GY48PqPwDDCDYigznfD6rYmXL64CPb7Q72 (Solo miner)',1,NULL,NULL),(71,1,'GLK2qZJvmgSSYEXSexCTZiV2nf2Li2s4hn (Solo miner)',1,NULL,NULL),(72,1,'GgXeb2HTXwbnCDu3M95VJfqdhkA1RexXT9 (Solo miner)',1,NULL,NULL),(73,1,'GUrLQUUerzn4FuA5vDRXvkrPmLSfZH5E9a (Solo miner)',1,NULL,NULL),(74,1,'GZ2x4hFJoTSfXe5UADjLuWcHT3pdznnpE7 (Solo miner)',1,NULL,NULL),(75,1,'Ggy81vJDKujkpnpGZJ4Kn6dn5JPr2Swh4q (Solo miner)',1,NULL,NULL),(76,1,'GK9FZD4yuC2pgXwfBXQCkqBKbTAHJAUwHP (Solo miner)',1,NULL,NULL),(77,1,'GMmmqHCuPAuMeKgGgC3Rc52obXKmarVaio (Solo miner)',1,NULL,NULL),(78,1,'GZAyMsVjaETAKEGeKxybPCZGykSntFCfhZ (Solo miner)',1,NULL,NULL),(79,1,'GSqGN3Ra6sy9yqw7qSxZEJetPh5J3wgxBw (Solo miner)',1,NULL,NULL),(80,1,'GT7zpiNQAscNbx3LXKjRVaDrNktUaRKx46 (Solo miner)',1,NULL,NULL),(81,1,'GUGX6e7nBL633oZayqvvFyWvF92rSizXXD (Solo miner)',1,NULL,NULL),(82,1,'GYnHU8RVr597qJrxYQBacgj8wRmuewKu5E (Solo miner)',1,NULL,NULL),(83,1,'GfSPYJw4WtTyrVQMMYgR2xj47dt9hieRpn (Solo miner)',1,NULL,NULL),(84,1,'Ga9VibGDPHEYKomDECKVTr7GnqL4rpe8eT (Solo miner)',1,NULL,NULL),(85,1,'GcWJnGvAjCngzDNcGVi22rCXSRYW5Qwgjc (Solo miner)',1,NULL,NULL),(86,1,'GSU5TbgfKwQJL9FC5sB2BfDSzkTpwUumjj (Solo miner)',1,NULL,NULL),(87,1,'Gam19a3ts6cbWYp5vP5p661wjnMZbH9Hco (Solo miner)',1,NULL,NULL),(88,1,'GVNtr44PRVzg7Fo3j2YAZKXmSRwUyFuwmu (Solo miner)',1,NULL,NULL),(89,1,'GdAzo6r7RHEpmMHydUEp7VaiqQCz7fhzaj (Solo miner)',1,NULL,NULL),(90,1,'GXmG8h9QjgD3b25bmaeNWwQBxJNRLcYiFZ (Solo miner)',1,NULL,NULL),(91,1,'GNqhi8Ub36XFWmkX4buR7AbknEijNc5bHV (Solo miner)',1,NULL,NULL),(92,1,'GXzTB2pTm6fy53RpyUB5pHE4qwg62uqUyi (Solo miner)',1,NULL,NULL),(93,1,'GKPuHkxXn1RXgBtWVRnpxsZnbr3yievdaK (Solo miner)',1,NULL,NULL),(94,1,'GaffRVPwpFhtgNKotKD8pAofdAJHYFEvWt (Solo miner)',1,NULL,NULL),(95,NULL,'Garlicsoup.xyz',0,'https://pool.garlicsoup.xyz/',NULL),(96,NULL,'Bakery',0,'https://grlc-bakery.org/',NULL),(97,NULL,'GbRJP542hPwRwkgAiVCsyr7QNj4e6pwKQT (Unkown Pool)',0,NULL,NULL),(98,NULL,'GR5NmUmMXrQteiYqm2TEbTA3hzz7J9bR8a (Unkown Pool)',0,NULL,NULL),(99,NULL,'GJxETRtATCYMwVadm98mdFZfqhpnHjX7Uc (Unkown Pool)',0,NULL,NULL),(100,NULL,'GWyiB58jmgFkKznPBrD3kXJgfmybSxo5wX (Unkown Pool)',0,NULL,NULL),(101,1,'GR4q1RE2NA6cMrKC2mfQtEWwvVMjTeRozu (Solo miner)',1,NULL,NULL),(102,NULL,'GWdADR5CTx6mkKFhkg1xqxp8Fo2UxiATPF (Unkown Pool)',0,NULL,NULL),(103,NULL,'GR17M81X5JpJ5t7sGrsFN45uxaEYPsQJi2 (Unkown Pool)',0,NULL,NULL),(104,NULL,'GLkaHpAk4oLLTsn29fjdrJfbtUXf1QWNoC (Unkown Pool)',0,NULL,NULL),(105,NULL,'GRLCTwmf5PFKPGmmDYoSb1YtGS2KKztPya (Unkown Pool)',0,NULL,NULL),(106,NULL,'Happy Garlic Pool',0,'http://happy.garlicoin.fun/',NULL),(107,1,'GQ3EyMN5vkxKGqx13D4TU68zynESNnRa2o (Solo miner)',1,NULL,NULL),(108,NULL,'Garlicmine',0,'http://garlicmine.com/',NULL),(109,NULL,'Garlicpool',0,'https://garlicpool.org/',NULL),(110,1,'GNhgPDds83m7To4umwDxip8TUFGytXkmvW (Solo miner)',1,NULL,NULL),(111,1,'GMR5dG3QtqMLkLu95TVFpNwAo76HTSWkfD (Solo miner)',1,NULL,NULL),(112,NULL,'ButterPool',0,'https://butterpool.com/',NULL),(113,1,'GTxcVr4GLVWd8UYEsZpaAz43NZX1h6gDHM (Solo miner)',1,NULL,NULL),(114,1,'GgitNUYsyZETKv9wYjKV3gw2riqVLYaY1Z (Solo miner)',1,NULL,NULL),(115,NULL,'Dmalf\'s MineGarlic.com',0,'http://minegarlic.com/',NULL),(116,1,'GR3YuZoa9uShRQJcmvSf7YL6AL2HXsNZDo (Solo miner)',1,NULL,NULL),(117,1,'GLxWqMyAvLLEGa314BtiAjGdYZqt5U9Tkq (Solo miner)',1,NULL,NULL),(118,1,'GRV5aVbR9UsaT6boZuURj1ZqVxVMuXDqRh (Solo miner)',1,NULL,NULL),(119,1,'GUBQvhT1XtzzB724rmQzxvtW1jpZNkTgwx (Solo miner)',1,NULL,NULL),(120,1,'GLn7ZRmB6cnPiZkBUTkH7Z8EtrCGVgtpeS (Solo miner)',1,NULL,NULL),(121,1,'GaPoXrDKN2QQaYNRePiTYYu8CTZGGsfM8X (Solo miner)',1,NULL,NULL),(122,1,'GT2mKSXxQQz4weLe5ASkeZjas7Snj9ykTp (Solo miner)',1,NULL,NULL),(123,1,'GenuinewtsixRDMMUZYHz7VXyfHZnaz9tD (Solo miner)',1,NULL,NULL),(124,1,'GdamZ2HDTma4T4Q762L2CnxvMxU1f34Se9 (Solo miner)',1,NULL,NULL),(125,NULL,'GdXQ727KPGeXZJwn9cwc3c6dJLiQ1zYt9B (Unkown Pool)',0,NULL,NULL),(126,NULL,'GYD1bMR14zwqtJjxZTZb8prLpkf45P7ib6 (Unkown Pool)',0,NULL,NULL),(127,NULL,'GQEoZsCQQVLUaTniz2HWWBKwkMsECL61X4 (Unkown Pool)',0,NULL,NULL),(128,NULL,'GKuWVm8PBPjWd5NQq9f34ZJPVqPQ6DTv4a (Unkown Pool)',0,NULL,NULL),(129,NULL,'GKoPFhseaTt5rcKj8BTAKKAKYx2ZZMyqwX (Unkown Pool)',0,NULL,NULL),(130,1,'GRjA5pcPDfTz6Ko9ov2ohtYKMReGtXSxH9 (Solo miner)',1,NULL,NULL),(131,1,'GZCAjpmgXbBVZTUScCUB5s2LoMvXW6ctTi (Solo miner)',1,NULL,NULL),(132,1,'GfLRB7hujePHysfUur4Dpc2Ve9uVaBf4mA (Solo miner)',1,NULL,NULL),(133,NULL,'GUgSgXqDCn6xFUaAMLEhZUEm1b8ofipCrK (Unkown Pool)',0,NULL,NULL),(134,NULL,'GfquLcQuDPRSiMvWsGVuvqyL9PnNVzWWpi (Unkown Pool)',0,NULL,NULL),(135,1,'GUPBMCzNtHm1MokGiLykARYxZ7Dj8TzU66 (Solo miner)',1,NULL,NULL),(136,1,'GX473sopdgUeakYjkzEwqArzUPRTWXrif6 (Solo miner)',1,NULL,NULL),(137,NULL,'GJp1uiJepbiLiCgyNE2JjZNMk89bupLG6p (Unkown Pool)',0,NULL,NULL),(138,1,'GXRgWsEwR5EY8MCucW76yr3z5Wx9vqFbwd (Solo miner)',1,NULL,NULL),(139,NULL,'GLfYdm1bndTnRLprPZ28odpDwzaA4NbZKT (Unkown Pool)',0,NULL,NULL),(140,NULL,'GXBTUbjWqeWvfFg3BNn84H9D18dRJnuv4X (Unkown Pool)',0,NULL,NULL),(141,NULL,'GLKuiHsypu2sPLMkDffYcdsYNa7Jcw8HXc (Unkown Pool)',0,NULL,NULL),(142,1,'GR3syFrnMjrWuU8kPP3yczs8gDgBPkwg1x (Solo miner)',1,NULL,NULL),(143,NULL,'GMBgTNzYijBQS39bSwyQUAtAdnT9txPHpy (Unkown Pool)',0,NULL,NULL),(144,1,'GKDEYCcLszdQtuuBahV2hWEL4FjaACPeMQ (Solo miner)',1,NULL,NULL),(145,NULL,'GgH1BEQ64BvtJ4ytNQMLX5a8iwaeiAoVDj (Unkown Pool)',0,NULL,NULL),(146,NULL,'Garlic Bread Pool',0,'http://www.garlicbread.xyz/',NULL),(147,1,'GerNyS7qof69AtUoT8yEgZ5PiAg2kDgcAm (Solo miner)',1,NULL,NULL),(148,NULL,'GdRZX4PXJAywPwUweLpAuzeXi43N75TdsK (Unkown Pool)',0,NULL,NULL),(149,1,'GP7sUuJPPefpCwJggEUfrH5WnSY6TS2jYx (Solo miner)',1,NULL,NULL),(150,NULL,'GNCNrmTbDteZRtPA2VsqtnMrjHfoFFoXZC (Unkown Pool)',0,NULL,NULL),(151,NULL,'GbL6A6U7CZ3F2kdvRYiv5ANHJUisPPwDhv (Unkown Pool)',0,NULL,NULL),(152,NULL,'H36',0,'https://h36.nl/',NULL),(153,1,'GJd2HyRcMP5Ub6s5wXifzSiBNKwuJpEss8 (Solo miner)',1,NULL,NULL),(154,NULL,'GgTVrvCrb8tpheRFfpBAhAaWCc8cDQrPQP (Unkown Pool)',0,NULL,NULL),(155,1,'GLXXbU7Nx47gyH13a2W5qRVG9JQWUG4vtL (Solo miner)',1,NULL,NULL),(156,1,'GZqXR2xtGFLyPuXz67atZ8kTXLum4hvVDa (Solo miner)',1,NULL,NULL),(157,NULL,'GZ7xZafCHaVrYMBGbTFN6Mrq3dTSVJvFtZ (Unkown Pool)',0,NULL,NULL),(158,NULL,'GK1SGoxC26xwaeFd4XdkvyhEBHT1pfyfJw (Unkown Pool)',0,NULL,NULL),(159,1,'GVBFgRnRz5Fd5DRRqvj4Y6yn2NTJLYmVP5 (Solo miner)',1,NULL,NULL),(160,1,'GbmdXeP2fRhVDZkBiHNpEJqdhSUkBDwqLb (Solo miner)',1,NULL,NULL),(161,1,'GSvQ9aWeyQwLexigzx3Q7A3Pdbt1X6dh6H (Solo miner)',1,NULL,NULL),(162,1,'GWThnSrRDwgPG2GepimGCQ9V1Nns7RcTxJ (Solo miner)',1,NULL,NULL),(163,NULL,'GK8r8JK4WqqVqKVyxr6sQAJvadTS2i2Wuh (Unkown Pool)',0,NULL,NULL),(164,NULL,'GdoyfLEkPBsMraPVxcYXNR3XWH5KNqM4cw (Unkown Pool)',0,NULL,NULL),(165,NULL,'GYYzw27WxYz8NbBuiCdDXd2qAqNewft9SJ (Unkown Pool)',0,NULL,NULL),(166,1,'GaBLn7FCbcpxEbU2a1bFaN2FA2wc5yGLm2 (Solo miner)',1,NULL,NULL),(167,1,'GRZHneLXK9cbWjRFP1DW96bpco9MEVe1Dc (Solo miner)',1,NULL,NULL),(168,NULL,'GU8VCapAqcjRgvcR6cJ6x3XUKL6Dp59HcS (Unkown Pool)',0,NULL,NULL),(169,NULL,'GcaLr6UNggebhfPACBnXS2uUrH6Um1T1MH (Unkown Pool)',0,NULL,NULL),(170,1,'GgCyZDerKyBHjZv4Cx1dDznxmtTrPcituq (Solo miner)',1,NULL,NULL),(171,1,'GXf9MjUGP7eCqzpH7SLrVctx9xyTV3DKCh (Solo miner)',1,NULL,NULL),(172,NULL,'GUAsBH58aLec4tBuWKs5Dm67ZCEMeDKMon (Unkown Pool)',0,NULL,NULL),(173,NULL,'GexQvNQAEVvmLvGJHQbYTnCBzVsvS4de53 (Unkown Pool)',0,NULL,NULL),(174,NULL,'Bread Pool',0,'http://breadpool.org/',NULL),(175,NULL,'GRgj6Uk3DhGHNTAun8dXVwZyPHBLQ81Ykw (Unkown Pool)',0,NULL,NULL),(176,1,'GL9qr4wdgnEtGQ59xCUAo7Fcg14cgARCcS (Solo miner)',1,NULL,NULL),(177,1,'GNuoZvdKzfomXnBqTvpuLGKr8yVCYBx7qc (Solo miner)',1,NULL,NULL),(178,1,'GUjG7ggYtGLErPH9pzFySYseyD8jSssjAe (Solo miner)',1,NULL,NULL),(179,1,'GYPJUQPiQx1WGkJSkE5AjvzRYCiFwTbW5C (Solo miner)',1,NULL,NULL),(180,1,'GJMeuGM1EN2QsA6obAA3f6XZpfjXJKZFze (Solo miner)',1,NULL,NULL),(181,NULL,'GUYv7ZxTpPNCSMjo5UBkhU95vaNMKS7zM9 (Unkown Pool)',0,NULL,NULL),(182,1,'GdxCZB9fpVozqPdKbm73Bsc1Z7yspywwUK (Solo miner)',1,NULL,NULL),(183,1,'GggVSqTPd6mmy1ifCF5zUwGJUMZkMwJdWX (Solo miner)',1,NULL,NULL),(184,1,'GLoKu7a8RyXKxZHKjFvnzvB4Dry85i44QE (Solo miner)',1,NULL,NULL),(185,1,'GYzxd6HArnzYjoFdvSdEcfp9X1EYQTEUxA (Solo miner)',1,NULL,NULL),(186,NULL,'GcreHAApnfaNdgXbbDyWqGWEurQRVBU6Rg (Unkown Pool)',0,NULL,NULL),(187,1,'GcAeYEENiBz8HWTpDrYkz8Qyq8yfDzz24y (Solo miner)',1,NULL,NULL),(188,NULL,'GgwQnB2raA3qfJvocPb2mCi9b7TUhKeMpv (Unkown Pool)',0,NULL,NULL),(189,1,'GW2B5S6PsfjCqyeR4Pu6kAYGjMRkMmEW3x (Solo miner)',1,NULL,NULL),(190,1,'GWzWs6ipS6RE9XcUMUW6b3AfGhJwanjaQL (Solo miner)',1,NULL,NULL),(191,1,'GdwQsiYvVRXGxxxpCcsoLkaUgieG8ck61D (Solo miner)',1,NULL,NULL),(192,1,'GTrhCPXAT8riBk4cPuoLU91fQNgPpZx6pd (Solo miner)',1,NULL,NULL),(193,1,'Ge8A1cCbt8WSwDFw4oEwmm72dM3nWw74eU (Solo miner)',1,NULL,NULL),(194,NULL,'GRQvSmRZzytmgq2ZX95CQbwV3UAkjsgh6D (Unkown Pool)',0,NULL,NULL),(195,NULL,'GbDDgDApvqmBq54LxE7tE4B9BcxrvLiRM7 (Unkown Pool)',0,NULL,NULL),(196,1,'GWiwd18frq6pZQmReWr5fQTdEP6WR2wvvL (Solo miner)',1,NULL,NULL),(197,1,'GYn7T6NUeL4Xxam2iLc5N2t9edhtgskcuQ (Solo miner)',1,NULL,NULL),(198,1,'GWX193C6bnvwKfEfeb4FYbfiUytKqN9Kth (Solo miner)',1,NULL,NULL),(199,1,'GakHcuuFxr7h53RDTpntChzBpr4LzLpHLs (Solo miner)',1,NULL,NULL),(200,1,'GWXCFZB9h4AUs92HEBMnScJuX4fTZDtA9u (Solo miner)',1,NULL,NULL),(201,1,'GaH5p5tApi68fGUdmb9powWg8QUEcQbNMq (Solo miner)',1,NULL,NULL),(202,1,'GYFQGkvT6MVbJQLHMNXeAH67fi9kcDNe2Y (Solo miner)',1,NULL,NULL),(203,1,'GUvpUJKgs9RaCoLn9Sd7xtoBh5LYHGXQkm (Solo miner)',1,NULL,NULL),(204,1,'GLFukxhyndSE5pZYJEgsStg5v3kBRKVxBN (Solo miner)',1,NULL,NULL),(205,NULL,'GUM6qcBsZJP1K9A9S8vmVSsyVVhh8D4uUU (Unkown Pool)',0,NULL,NULL),(206,1,'Gf7Q8Fke8YELD2dNCV26ARqiwtnosYQWhW (Solo miner)',1,NULL,NULL),(207,1,'GezGhckgzrcNwoNZewB9HAZ55Hy4mXkRf7 (Solo miner)',1,NULL,NULL),(208,NULL,'GQ7i1P71PMtmWed2AksDY8ry7kLCirfCzp (Unkown Pool)',0,NULL,NULL),(209,1,'GeeKHnxQ7A6dM5v7ui3R1zCrbbUfSZS1ah (Solo miner)',1,NULL,NULL),(210,1,'Gg9u642TwdWTso6cE7nFHf15wSXgbBZJuo (Solo miner)',1,NULL,NULL),(211,NULL,'GczfrvKyvmdjXLQbZgrq9JCZMid8sbUzhJ (Unkown Pool)',0,NULL,NULL),(212,NULL,'GMRBuoz9vZBbgGaBaH5EfFe55kVxRcs5wx (Unkown Pool)',0,NULL,NULL),(213,NULL,'Badass Pool',0,'http://garlicoin.iambadass.com/',NULL),(214,NULL,'GSHjmn4J2vWuwptrAvmg2Kwnq9bCpACitP (Unkown Pool)',0,NULL,NULL),(215,1,'GJ79NHUe37U8R8V4zHGZjmaSPD7kMiMtRW (Solo miner)',1,NULL,NULL),(216,1,'GLVBgn4Yfh5z78EZm7BG63rULr9YEoziLz (Solo miner)',1,NULL,NULL),(217,1,'GJDRHpRagzRS7tvenKShnnAQftDj2jH3Rn (Solo miner)',1,NULL,NULL),(218,1,'GLsy4NWzx33kdZoaHiz2qJFKyXhb8x2aM8 (Solo miner)',1,NULL,NULL),(219,NULL,'GPsFUQ1kCzaBceTJZgi9ETnuHf5XBzYoCG (Unkown Pool)',0,NULL,NULL),(220,1,'GbzJmmQRrXUp1KDvHbZcwUpFMDwEHDt1CJ (Solo miner)',1,NULL,NULL),(221,1,'GPfJtj12CMdvzhwnsf2GcKYHWpAYGWvLmR (Solo miner)',1,NULL,NULL),(222,1,'GUVJNBnckdDjGiwnYiw2oZbjEMDrLmoLyk (Solo miner)',1,NULL,NULL),(223,1,'GM2tqW7KkLjE9pyF3Wtvpuyq9dE21QJ1FS (Solo miner)',1,NULL,NULL),(224,NULL,'Ge8YeGfpTebodBgQb9sVJXhzdWVBdTmK2F (Unkown Pool)',0,NULL,NULL),(225,1,'GPyG96PBQyRWdLxvR8cZGzbmYbCFj9cbND (Solo miner)',1,NULL,NULL),(226,NULL,'GLK2Gm5LChowNtbZEx5p8et5oKmViwERhU (Unkown Pool)',0,NULL,NULL),(227,1,'GVUHtYLPk6UN8UnsqBpGg2s39CHLbkM2HX (Solo miner)',1,NULL,NULL),(228,NULL,'GMeirLWrW34E2sRZ5jxJzkr31wCfWwgJuC (Unkown Pool)',0,NULL,NULL),(229,1,'GWTjFiE6JZsbJmXS3xGTueLTnM3pxW72JM (Solo miner)',1,NULL,NULL),(230,1,'GLKxmXs1fN7e7aZ89oG3BmGVMR92E3jhcc (Solo miner)',1,NULL,NULL),(231,1,'GZb6ggZfgdq6dT1thUxj8fsCrqtnSV3th8 (Solo miner)',1,NULL,NULL),(232,1,'GgxcujMmPpTSPq8M9pLoP42aosx98EppQu (Solo miner)',1,NULL,NULL),(233,NULL,'GPzviRi7XyNoRTzd2rZSqtB3NWHqQZCrpZ (Unkown Pool)',0,NULL,NULL),(234,1,'Gay6YuTYVWFXbSZJ1Wi7ArnekNqYhneom1 (Solo miner)',1,NULL,NULL),(235,NULL,'GdHn4nAyBUTNpszMLw5oT6ZjJUVuwpT68i (Unkown Pool)',0,NULL,NULL),(236,1,'GQd4YYREUt1yTsDaNxMsUc37bZ9dqSft1z (Solo miner)',1,NULL,NULL),(237,NULL,'GNjRTXxWHwmcDRtiGEye514zkdZ1VsFBaz (Unkown Pool)',0,NULL,NULL),(238,1,'GPGFphzWpuxSkfqUBYEtcP69WAcezKhvZp (Solo miner)',1,NULL,NULL),(239,1,'GQqNT4CPDrJCb4ohhLo4HkG4erJ4a9SSPQ (Solo miner)',1,NULL,NULL),(240,1,'GQ6Rtq29qBjWQbAD1G9SuFpGvEN53G8928 (Solo miner)',1,NULL,NULL),(241,NULL,'GYbHaRyjcSVP3xUhFcqBoPR3FakNBgq3Ve (Unkown Pool)',0,NULL,NULL),(242,1,'GHzwrRFsuK9ZLMhbcK3rdBK1s1HXRCR3gD (Solo miner)',1,NULL,NULL),(243,NULL,'GXkQMQkCpA86JVGZxgS6FTZAFz9RhYfMAZ (Unkown Pool)',0,NULL,NULL),(244,1,'GUf9sS8xjz1qYLkKDeBzhgxDrCQNHvNjTb (Solo miner)',1,NULL,NULL),(245,1,'GeqwQkpVube2QjMpXKTLAUKU7Vq9Kyzdmn (Solo miner)',1,NULL,NULL),(246,NULL,'Ggo8vegZuCp3bZpNV7q9MdKkiQibGDBSen (Unkown Pool)',0,NULL,NULL),(247,NULL,'Gf4cYHTHdwgzSiyKbm2hxksRg2qrkopuJw (Unkown Pool)',0,NULL,NULL),(248,NULL,'GQHUV9t7V7fuHy4vCWM8s5jVie4kK8vc7x (Unkown Pool)',0,NULL,NULL),(249,1,'GQH682XAGmNJrTMXuFjpZ36CXAJudjw3NU (Solo miner)',1,NULL,NULL),(250,1,'GJ1J1y2ejVdQ7s6786wkjTusEV5PoCB8QD (Solo miner)',1,NULL,NULL),(251,1,'GeLbFxVCpuBXvxhw8DDT5Q6L46iVzEURZ5 (Solo miner)',1,NULL,NULL),(252,NULL,'Garlic Factory',0,'https://garlic-factory.fun/',NULL),(253,1,'GLT6osCcd5VFJHpFPvkmBkRBDytkHXynij (Solo miner)',1,NULL,NULL),(254,1,'GYzN1xSTSZrreG8h2V6WvVscdgWTTAriae (Solo miner)',1,NULL,NULL),(255,1,'Ge5gNUZvmfR6mA1ZZaBMKaXipW4pCqerNJ (Solo miner)',1,NULL,NULL),(256,1,'GVrpGt2Zz2AqRX7tvv2aNCCzP4Vb58N7EL (Solo miner)',1,NULL,NULL),(257,NULL,'GMUvzXUGXd8JmhihQq4pATHgm4sRTytVNg (Unkown Pool)',0,NULL,NULL),(258,1,'GUcAxiSYdnNt2Afs472J2cVLRVvdoxM2YS (Solo miner)',1,NULL,NULL),(259,NULL,'GPCBcEDCb9Rt6Pow59e79zrHjMebJ3e1c6 (Unkown Pool)',0,NULL,NULL),(260,1,'GMqsngQVV54HapZEr4MBgasKAtp7UdmC7Q (Solo miner)',1,NULL,NULL),(261,1,'GQtZxhqBY4Cck7aR8rBjL786SWVSUKkNZt (Solo miner)',1,NULL,NULL),(262,1,'GSdnaeX6jJ7F5dm2CkA3u6hRzdrkE9aono (Solo miner)',1,NULL,NULL),(263,1,'GVBB123mdpVQN7pLekp6EkC7sotYkTGSiv (Solo miner)',1,NULL,NULL),(264,NULL,'GQbRehEZqoACcW2ia2tuHAX7b6B1KcLFvE (Unkown Pool)',0,NULL,NULL),(265,1,'GYWsgBnhX34BdixpTew1JAeEfnfGSVqZ5H (Solo miner)',1,NULL,NULL),(266,NULL,'GPEXC86pSiSVvBFrPak8Bb6KKYJyuqEZua (Unkown Pool)',0,NULL,NULL),(267,1,'GLJd7MezYdKYyjMywSbxwi4NrJt3pfymfZ (Solo miner)',1,NULL,NULL),(268,NULL,'GWvQjX4EPxzUJ7vD5zojPPHakj4fjzy2ai (Unkown Pool)',0,NULL,NULL),(269,NULL,'GJnPiUBWGyBVrUMXHakKFwc3wgosCL4oi1 (Unkown Pool)',0,NULL,NULL),(270,NULL,'GWYyRhzqfCek6dJNYbYajfrUkSujPbs7ta (Unkown Pool)',0,NULL,NULL),(271,1,'GZ3XEHBjnj7ArKSAwJgzMtb57VFwnkNPkT (Solo miner)',1,NULL,NULL),(272,NULL,'Cagecoinpool',0,'https://cagecoinpool.com/',NULL),(273,1,'GKEnEf7W4KzY2kztTGnJy6fjML7xFYKucv (Solo miner)',1,NULL,NULL),(274,NULL,'GSvaM3h4nsTQCPYkQ5uZFfRqrZk6pypf88 (Unkown Pool)',0,NULL,NULL),(275,1,'GQLFKTujUTs2oseBcnD1RJXUBRm2Qbpg9J (Solo miner)',1,NULL,NULL),(276,1,'GX64eX7eWkUdqNdQ5JPdVe5C7NDabY4N2d (Solo miner)',1,NULL,NULL),(277,1,'GUZEV1iBcnoHAiMyJnguWjs5AdWBoMD67B (Solo miner)',1,NULL,NULL),(278,1,'GajREqFTzXyj8C2pWGFCCk4LEXB3dn6jSF (Solo miner)',1,NULL,NULL),(279,NULL,'GezNt6QoH59XzrZmnphRS732K7WekkVxKj (Unkown Pool)',0,NULL,NULL),(280,1,'GQEprPJ4n5seqoicuh5XpXt2nbfX93vvTq (Solo miner)',1,NULL,NULL),(281,NULL,'GKG3M8BYm1oAsDLmUaq57NhJMLc6rfTcrw (Unkown Pool)',0,NULL,NULL),(282,1,'GJa53yxFV9CsH2LRzsuxfr2pc1UmcG9AEq (Solo miner)',1,NULL,NULL),(283,1,'GSLT8ho2nPAqPpdwpVELxRQuYRTrgc4PvW (Solo miner)',1,NULL,NULL),(284,1,'GdHVMFanjBZJJ7A8nRazzDFF9FkxLm3esg (Solo miner)',1,NULL,NULL),(285,NULL,'GVRaM8WZJxjWkSu911493bpwrH21NzEfss (Unkown Pool)',0,NULL,NULL),(286,1,'GMDyMnjkJ5fcB3ZzYraVCJDHdPozcSEmyR (Solo miner)',1,NULL,NULL),(287,1,'Ge1GAjxW2FxpgFxMsdwAxGgoR49LNkXJY3 (Solo miner)',1,NULL,NULL),(288,1,'GNEh7E9f8XsXFy2v5rCqq1vdyjvLdtW1Fv (Solo miner)',1,NULL,NULL),(289,1,'Gbz2oAGFDuN3iy9D84JURt8VV2itcCzdnJ (Solo miner)',1,NULL,NULL),(290,NULL,'GRXRcs4rCrmC3x4LQn8i5BK7iFGwYcYfi8 (Unkown Pool)',0,NULL,NULL),(291,1,'GbyPDrgVnCJL4G569crhD19Kec4MmqKGfZ (Solo miner)',1,NULL,NULL),(292,1,'GKHMfx1zcM5dNhhLHcEewHnAsCkZhvZoRa (Solo miner)',1,NULL,NULL),(293,1,'GVCtjywFR6KawcLJg2rBe97dxm67XMVt6J (Solo miner)',1,NULL,NULL),(294,NULL,'GSWg2STH5zPz6GD4NReyiWHkv3B6wLVgcq (Unkown Pool)',0,NULL,NULL),(295,1,'GVx8HPHPpv1rabvtN6kEjJrkqJXaFcFDwC (Solo miner)',1,NULL,NULL),(296,1,'GScfVNVFccyt4j5yrKj68j3pmyF26tnEdX (Solo miner)',1,NULL,NULL),(297,1,'GXpVgVviUCjq5vYBCaX7XGeVwiaPFbRGNP (Solo miner)',1,NULL,NULL),(298,1,'Gf7DuGaBNTJRsmfV8xMhQKoXXxmzLBSBZX (Solo miner)',1,NULL,NULL),(299,NULL,'GRHTSUo6TFXzBvH61HZvuo4tDJAf1v7C6F (Unkown Pool)',0,NULL,NULL),(300,1,'GJ862UyWkeTejALfD1gPgMPBX3YeoDKSfk (Solo miner)',1,NULL,NULL),(301,1,'GNYKNEsWLnCuDhZh2BbdgCN4b3efzYmdJY (Solo miner)',1,NULL,NULL),(302,1,'Gh86Zs3ek69sNdfebaE7DkhDHTYoKF99kL (Solo miner)',1,NULL,NULL),(303,1,'GQ9Q7QFshh52QM7tMQAN2oNHX18YfpqN5e (Solo miner)',1,NULL,NULL),(304,NULL,'GMdBkEJk5oTrPA8Z4RJF9Air6PaHyCot4N (Unkown Pool)',0,NULL,NULL),(305,1,'GLm1rG4GcwNyupzGGJ6ELv9pZwF4EjqkvU (Solo miner)',1,NULL,NULL),(306,NULL,'Spatula City',0,NULL,NULL),(307,1,'GgBGyC9FCYUzkz4BVbrRwfhnUvP1YQQzPB (Solo miner)',1,NULL,NULL),(308,1,'GRgXXeDVXttw5DjoGYYWonskHkaFH1B5Rc (Solo miner)',1,NULL,NULL),(309,1,'GVs81UtrsNfh2fRAUwZgrULJoNSqfUuPZi (Solo miner)',1,NULL,NULL),(310,1,'GUVm1uvzc4gK63LKjvhoiDL6voMh8T6BJs (Solo miner)',1,NULL,NULL),(311,1,'GchFVA2QVHAXgR9dpoN6Vfdzox4FLQ2ZVt (Solo miner)',1,NULL,NULL),(312,1,'GgMESYXfktwM2YgdtkJUkzWJYXdnQG29j7 (Solo miner)',1,NULL,NULL),(313,1,'GYn1sHzRBPT7aZCzwBDZ5p65bKbFiRtyi9 (Solo miner)',1,NULL,NULL),(314,1,'GVrT7eGndHduYA6bt5m5pVPq2VH9afcgnB (Solo miner)',1,NULL,NULL),(315,1,'GYC8GxdDW5EBDf5aUh75wmf2rx2dzBpfDe (Solo miner)',1,NULL,NULL),(316,1,'GbwUo9s1p5oZgBAMHXGfW7Dde3iWjXtC5c (Solo miner)',1,NULL,NULL),(317,1,'GLFgjiufcapdd9TUMMdagMCvj3t9psvHSW (Solo miner)',1,NULL,NULL),(318,1,'GVURW3GteJx4rYR9337fKeSC38RaAXaPng (Solo miner)',1,NULL,NULL),(319,NULL,'GXPAzj6Wkfm2we8Px7iqspwawmTA6fhuDM (Unkown Pool)',0,NULL,NULL),(320,1,'GVYTphUhSdnRxNb7Xi3ybqmHahVR7zcYPz (Solo miner)',1,NULL,NULL),(321,NULL,'GWiDHtx8x7ES5BACG3BmSqJQBPovm64kv3 (Unkown Pool)',0,NULL,NULL),(322,NULL,'GbT7rB5WA5qSWrmZLj43JQyqniKxw7JXXP (Unkown Pool)',0,NULL,NULL),(323,1,'GcaN1UnvbBq33FWYusNQqU7Bh3rbHU8UiC (Solo miner)',1,NULL,NULL),(324,1,'GfsvcT2mXGy9uRfAFAwmzkP1xgAMWzx5wu (Solo miner)',1,NULL,NULL),(325,1,'GKdWNETsk7Z9enBpC5PShgH99DxpvizS51 (Solo miner)',1,NULL,NULL),(326,1,'GX8jGjLxFyLWbivqJd5vtfzvTcG3Jc5Z3D (Solo miner)',1,NULL,NULL),(327,1,'Gaty4FQ3tWi6LH8JFzF1mALxgpRzTiHGiy (Solo miner)',1,NULL,NULL),(328,1,'GShYgwZ1eEB6gWoRjCwB7bXPq8Kk3ryLSA (Solo miner)',1,NULL,NULL),(329,NULL,'GHrne9haz3LYCLq8a3QFhneRH3yJFMJcbc (Unkown Pool)',0,NULL,NULL),(330,1,'GQSFjHgzWJpdnxkWYngKK3Eje1BNVnpvSM (Solo miner)',1,NULL,NULL),(331,1,'GLASXJuB56Ne2FXhUFzXzuwRJBR2dKf6Eq (Solo miner)',1,NULL,NULL),(332,1,'GQ6voqcKKXnCg5Uy9ZvCw2bLWQieR74pyM (Solo miner)',1,NULL,NULL),(333,1,'GJTcNpDrNxaHWctHB9tn1HJ5b9MYNPvTjA (Solo miner)',1,NULL,NULL),(334,1,'GNTsgDMz6T8yaUPaYTZ5Ksu3jf2mEq1HfM (Solo miner)',1,NULL,NULL),(335,NULL,'GbJUPTRb75fphAHG9pKhntF91LHS86ymbT (Unkown Pool)',0,NULL,NULL),(336,NULL,'Gcxz7HCMe4RsfDvDjMKnrzbN2NJzzMGUCp (Unkown Pool)',0,NULL,NULL),(337,NULL,'GQkN7SPQqGjhJ6CGPQX4cgr7oLjAb8ks8p (Unkown Pool)',0,NULL,NULL),(338,NULL,'GM8aKrT79iBBpYdycRswHnLj8eT4TGXiig (Unkown Pool)',0,NULL,NULL),(339,NULL,'Garlic Press',0,'http://pool.garlicpress.eu/',NULL),(340,NULL,'GRHdPYCBM9rqSyZmCCQVWjc7xzkDnqZc4r (Unkown Pool)',0,NULL,NULL),(341,NULL,'Gcvq1n1UUx1BU6L8jb4VrJAo4iLGqmdrA6 (Unkown Pool)',0,NULL,NULL),(342,NULL,'GQiyUsD6mfdMECKLgenyFkeCTNk3dBVjC9 (Unkown Pool)',0,NULL,NULL),(343,NULL,'GUyb1VWVdjoCKJKGT5e6SRfayV2znxj9GS (Unkown Pool)',0,NULL,NULL),(344,NULL,'GY12haWCnpK9SNW2Tw5niuVcR3Q2r5BcAH (Unkown Pool)',0,NULL,NULL),(345,NULL,'Garlic Bois',0,'http://garlicbois.com/',NULL),(346,NULL,'GZuA7piciVtsVXVb27aFXtHW7jCewAZiLK (Unkown Pool)',0,NULL,NULL),(347,NULL,'GUKFBU1i7e13PBiAsHBXW4RJLVrSm2iDGZ (Unkown Pool)',0,NULL,NULL),(348,NULL,'GUYcV2NtCUeUNQgAWrtL9g7wg2bnUPhEmg (Unkown Pool)',0,NULL,NULL),(349,NULL,'GXakBZ2gZc5ARiFKuZcHAkoFKYWL3xjZeD (Unkown Pool)',0,NULL,NULL),(350,NULL,'GZCicrqLUmU8YZd7HU6iFhtBRfYKDDHkAs (Unkown Pool)',0,NULL,NULL),(351,NULL,'Gcij9LjALLcVDZCoHyeaCZxYZQV3PsoWa4 (Unkown Pool)',0,NULL,NULL),(352,NULL,'GRLcbReADL6hZzHY1mLTNx8XxcbGJTgawK (Unkown Pool)',0,NULL,NULL),(353,1,'Gd4XMbgtcGfToZZRyCKNyLkSqLMtzgmDGT (Solo miner)',1,NULL,NULL),(354,NULL,'GUCubh5hsSwsxbYaBiNK5qDwFPQftPxwAy (Unkown Pool)',0,NULL,NULL),(355,NULL,'GWFeWTrWsGmVrgYZqqbtnyF5wCDHpW6fRQ (Unkown Pool)',0,NULL,NULL),(356,1,'GczrDRdtdxJXkdmLj7a8C6z4FuT92V3Cx3 (Solo miner)',1,NULL,NULL),(357,NULL,'GW5AkkMdEJxrh8CcndR8P23sWFD1Xd5L9o (Unkown Pool)',0,NULL,NULL),(358,NULL,'GPCndweazkaXgRNMxGcRy9hZzfzzQaKNo5 (Unkown Pool)',0,NULL,NULL),(359,NULL,'GdqQMfX9aBzjFViwE9cCNVJkR5K6erpy6r (Unkown Pool)',0,NULL,NULL),(360,1,'GdDxuhqksNojsdDVkfhddqtyzFx2XxCMZ8 (Solo miner)',1,NULL,NULL),(361,1,'GRR21zyrKaL9MHRMs6oSKgiv1k6Ed9ogDA (Solo miner)',1,NULL,NULL),(362,NULL,'GdUDSwmSTYao7iP3C5bTsk6FivAxcs2GT3 (Unkown Pool)',0,NULL,NULL),(363,NULL,'GVvkQ84VJNFAN5tNDE58ELpwrSZKDkCsbm (Unkown Pool)',0,NULL,NULL),(364,NULL,'GetGRLC',0,'https://getgrlc.com/',NULL),(365,NULL,'Gfzjfs8bEjvrhdmYWvZAjYdvvvspwivkMa (Unkown Pool)',0,NULL,NULL),(366,NULL,'GLeJXabjmcgHr7V7zhBKvsszr8gUm2HidZ (Unkown Pool)',0,NULL,NULL),(367,NULL,'Garlic Legends',0,'http://garliclegends.xyz/',NULL),(368,NULL,'HELSINGPOOL',0,NULL,NULL),(369,NULL,'Suprnova',0,'https://grlc.suprnova.cc/',NULL),(370,NULL,'HRY Mining Co.',0,'http://hry-mining.co/',NULL),(371,NULL,'Garflip',0,NULL,NULL),(372,NULL,'GarlicoinPool.com',0,'https://garlicoinpool.com/',NULL),(373,NULL,'GWxHn2cTMMAM6VahZxZxvNwMAHrqSNoXWb (Unkown Pool)',0,NULL,NULL),(374,NULL,'Golden Loaves',0,'http://goldenloaves.xyz/',NULL),(375,NULL,'Idcray\'s Garlicoin Pool',0,'http://grlc.idcray.com/index.php',NULL),(376,NULL,'GLs1z4r6k2t5aegmRoVXVqM8SioqAtmSBe (Unkown Pool)',0,NULL,NULL),(377,NULL,'Gg8i5QNtZ4xDozgeFYR4o17iP5eW7GTqfK (Unkown Pool)',0,NULL,NULL),(378,NULL,'GTtsGPyBQQdv7tDPfbbzAQvAwTMMFoWekC (Unkown Pool)',0,NULL,NULL),(379,NULL,'Gf3huYbSozzcbzcRQb2pXwUfE4bwdNz7Co (Unkown Pool)',0,NULL,NULL),(380,NULL,'GRLC Farm',0,'https://www.grlc.farm/',NULL),(381,NULL,'Astral',0,NULL,NULL),(382,NULL,'Ggh7M4JAmte7BAB2ZK68eEg9D9qCniCm6A (Unkown Pool)',0,NULL,NULL),(383,NULL,'Drink Garlic Wine',0,'http://drink.garlic.wine',NULL),(384,1,'GPdSSE7AvW6uZHKB23kERBjXoT5mHs4rsy (Solo miner)',1,NULL,NULL),(385,1,'GLjJXPRXrJhmLmbpVYe32dzT1GrNvggex3 (Solo miner)',1,NULL,NULL),(386,1,'GbGWyhABxrWqsTSb2pc8vYyhGF6ocmq2sk (Solo miner)',1,NULL,NULL),(387,1,'GdX4YabMkxfg2Z6X1cyqWoCMm1Z51K7SMA (Solo miner)',1,NULL,NULL),(388,1,'Gg9SJMBb3idBmbMhpMuuVN5WTdC4CjGjXg (Solo miner)',1,NULL,NULL),(389,NULL,'GcMc6h14QDdjY244cJzMULRj5ZfBT4hMGE (Unkown Pool)',0,NULL,NULL),(390,1,'GVQ1sXh9xDefzFHVmFGPTi6NVHjhEQfa7S (Solo miner)',1,NULL,NULL),(391,1,'GTxMxiNaWmkAfUECopjmEN152irZ8dwd87 (Solo miner)',1,NULL,NULL),(393,1,'GZmjZBLNpqE5jZbTnNBgWz5MDxLbr2GgWN (Solo miner)',1,NULL,NULL),(394,1,'GKQKESAnkcFvV9Xk6neU7Uc18D51MBhW13 (Solo miner)',1,NULL,NULL),(395,1,'GJGBWNvw92pvhjLhwifUEroewqqXe2qFj1 (Solo miner)',1,NULL,NULL),(396,1,'GSw2JAsCiz2H5KcSVWrnXqWTVoFyY6j9Ys (Solo miner)',1,NULL,NULL),(397,1,'Gb153WDGS3nJrbSfWUh3mvX2yzPPv3G2vt (Solo miner)',1,NULL,NULL),(398,1,'GLMGt2QbXX1J5U6YkZVyM6tvCwSRSAg1Nh (Solo miner)',1,NULL,NULL),(399,1,'GWitK5uQEy6a8jzvoEVGtgq4VvoJkpa87g (Solo miner)',1,NULL,NULL),(400,NULL,'GRLC GANG',0,'https://grlcgang.com/',NULL),(401,1,'Gd3PSyhWJ2Em7UriQXbt4PnPNf4z2aiu8d (Solo miner)',1,NULL,NULL),(402,NULL,'GarlicPub.Club',0,NULL,NULL),(403,1,'GMJKLUcjq8dxHWUGLphtDHtzRkv7Edp5Kh (Solo miner)',1,NULL,NULL),(404,1,'Gc97DXuZNGmC2SjdpYySYQzUmmYnKqp2FK (Solo miner)',1,NULL,NULL),(405,1,'GZ6HgCK2zJTzzUKGEoSoM12SCHzR7mREAc (Solo miner)',1,NULL,NULL),(406,1,'GfVx5kuzJ6ZrxvWLZqx16euJNAEADdFZXr (Solo miner)',1,NULL,NULL),(407,1,'GNThqs3bh1gpVHxQyNFEQeiHgGZXhwHeyr (Solo miner)',1,NULL,NULL),(408,1,'GgHFJGzT3bvVaGaQ5tJ1BnrsxHweSkuv3H (Solo miner)',1,NULL,NULL),(409,NULL,'MiningPixie',0,NULL,NULL),(410,1,'GcHm5M3UCEnrT97wYD9VLNjcPqqafvCvHH (Solo miner)',1,NULL,NULL),(411,1,'GbrB1ZzuuXzo5NVaspTbq9EAnKhWqXmKgr (Solo miner)',1,NULL,NULL),(412,1,'GVDi7DSGdib5z33uL8HZZZLsdLdQK49qMY (Solo miner)',1,NULL,NULL),(413,1,'GXwyV9JzLhz8MYfG2gfXLLeVRGSXPUYkxC (Solo miner)',1,NULL,NULL),(414,NULL,'DrDogPool',0,'http://vps474906.ovh.net/',NULL),(415,1,'GdbK8vhbxxxyBNqwyWqutagtgProRwjgQD (Solo miner)',1,NULL,NULL),(416,1,'GPKTN9cNESUheQj9g37zEpuP33XzSJe3Cf (Solo miner)',1,NULL,NULL),(417,1,'Gb1QeE8YjrqxuAxFN6XCcLTRvJFiqg6D7u (Solo miner)',1,NULL,NULL),(418,1,'GZNWWybKt5wGhAr1HxmTT5VsqsWHv53jLN (Solo miner)',1,NULL,NULL),(419,1,'GVNo6vw4t7QH7ci9PcUmgseSosSVJ9RnXD (Solo miner)',1,NULL,NULL),(420,1,'Gcf12AX7H1aioFDtF99DqgB98QajkHh145 (Solo miner)',1,NULL,NULL),(421,1,'GTVHqHqPcyBXLPTrGxs6fhsbEZAKqTGoiS (Solo miner)',1,NULL,NULL),(422,NULL,'GNXEGdFL33Eib9sZMSg3nzydqajbdJQ2nV (Unkown Pool)',0,NULL,NULL),(423,1,'GRJEswZrtoHoivxMv3o3djMeQiRcG53CYr (Solo miner)',1,NULL,NULL),(424,1,'GZ8DfLYJME2Lf5FymrGLFVVdQSBU78WWXJ (Solo miner)',1,NULL,NULL),(425,1,'GSHnd7qWaunw2VYqX8dzu3VrqUufGrHgJF (Solo miner)',1,NULL,NULL),(426,1,'GRACEfuLPTfN3KtbT9n7YwWjDuhaJSPir5 (Solo miner)',1,NULL,NULL),(427,1,'GYgm7CpKTkUMX6QdpR4RsTPkzVdbeYeaaQ (Solo miner)',1,NULL,NULL),(428,NULL,'StronkPool',0,'http://stronkpool.org/',NULL),(429,1,'Gg2hga5bRdBENDwGcNKvPviRB9Q4P4uo1y (Solo miner)',1,NULL,NULL),(430,NULL,'Elephant Garlic',0,NULL,NULL),(431,1,'GaNDAr3EqVoMMWTFWyKwv24z84tnQqWaMZ (Solo miner)',1,NULL,NULL),(432,NULL,'GL1A1WiwJAk78DFEKC8vmayKiykJQi6wuW (Unkown Pool)',0,NULL,NULL),(433,1,'GYAAv1QbKkdSnbVHHaHTdf2A91aAKU1uvN (Solo miner)',1,NULL,NULL),(434,1,'GPyHfoPRD2Dw8YPVvgoxq216Hd5NbPCc8L (Solo miner)',1,NULL,NULL),(435,1,'Gh5XCrZBnWzXbeLWAyFZ4ZnCH81VykfpKY (Solo miner)',1,NULL,NULL),(436,1,'GXFV4bBuV2kzAwQsotAYs8xjWgVhSVsGsx (Solo miner)',1,NULL,NULL),(437,NULL,'GHtPkTXWAH15tE98jbFFDYWmnmmvnN5ktU (Unkown Pool)',0,NULL,NULL),(438,1,'Ggstwcimozg7qCGLU7t5N2qf8PDs6mbTKr (Solo miner)',1,NULL,NULL),(439,1,'GeZBsZchVupkswgCJuMZgocqwaCBpGKYNs (Solo miner)',1,NULL,NULL),(440,1,'GcwedX1WjpdUQbjy2PYusd63uFf1HXvqME (Solo miner)',1,NULL,NULL),(441,1,'Gdw1iwmWVYNrDJuxQK4kMLnwhBDCjLHrjX (Solo miner)',1,NULL,NULL),(442,1,'GJEnex46PBdroPhyJMMAhSUVCxjjLRKGmJ (Solo miner)',1,NULL,NULL),(443,1,'GVnVNpaGqnzDeH1YrQZ5YonWGixkaVQWMU (Solo miner)',1,NULL,NULL),(444,NULL,'GJ7fZ55qcVwhNrak1W6LhYLDKzowVkmf3J (Unkown Pool)',0,NULL,NULL),(445,1,'Gdc4aSdLDTU8Q7VhJCNuAga4UKbh2Y2Z56 (Solo miner)',1,NULL,NULL),(446,1,'GYfEPWeQMGf4Bt6WSjGvD9UQrkBqQPXkqd (Solo miner)',1,NULL,NULL),(447,1,'GTp7gDv8efq148eRN95KWBPoSvR5VaAxfj (Solo miner)',1,NULL,NULL),(448,1,'GewAuH4riCKH2DHoZ4WK7g3UGhBE4d1nCd (Solo miner)',1,NULL,NULL),(449,1,'Gf1DsyTJpx7qBekcuWvQgUZd3LU7Bk3z41 (Solo miner)',1,NULL,NULL),(450,1,'GQEk7SKnHQwqiFVCNrfMnKVbcKpm8usTgR (Solo miner)',1,NULL,NULL),(451,NULL,'GWYoEXsjkm89Qutg7r8GPeaQ2AgVyLMJnz (Unkown Pool)',0,NULL,NULL),(452,1,'GdMYrHh3M9ZN3GHpAxZqYNnubsmbPVerwy (Solo miner)',1,NULL,NULL),(453,1,'GXV7k6UuCYdvkJNgRVtWUCBvKUKRe5mk8x (Solo miner)',1,NULL,NULL),(454,1,'GYGFrEgwrLB3m8CKEy7LC7XoySvPqUCVRi (Solo miner)',1,NULL,NULL),(455,1,'GPczMon8q8E5RfLL7YijryJVup1QEFcz2L (Solo miner)',1,NULL,NULL),(456,NULL,'TechTwins',0,NULL,NULL),(457,1,'GaDWxxSciKDJZgQe1Pp8LtGQpaeETneJix (Solo miner)',1,NULL,NULL),(458,1,'GZuS6SSjoNvhA3NTddkAs4EXWNMh8atEie (Solo miner)',1,NULL,NULL),(459,1,'GTVUzSB5SwZUMgfqBz8SFzAXJJ4FNyHjGs (Solo miner)',1,NULL,NULL),(460,1,'GXNHAMGfimMmD5Gquh9PKCYBr8ph4FXAcR (Solo miner)',1,NULL,NULL),(461,1,'GTKhUAMPuoQAuS5cWgzuG1MhcrpopYyHfr (Solo miner)',1,NULL,NULL),(462,NULL,'YiiMP.EU',0,'http://yiimp.eu/',NULL),(463,NULL,'CryptoPool Party',0,'https://cryptopool.party/',NULL),(464,NULL,'www.zpool.ca',0,'https://www.zpool.ca/',NULL),(465,NULL,'UrgoCrypto',0,NULL,NULL),(466,1,'GV9Y6Phtg61NqgYVXSZPiBh3oEDZktv1pK (Solo miner)',1,NULL,NULL),(467,NULL,'Zergpool',0,'https://zergpool.com/',NULL),(468,1,'GYJF1bv9zz5VkmjaHwX1yRj7JuCS5mjo2B (Solo miner)',1,NULL,NULL),(469,1,'GcZ7twsNqkrjCPKCQKV5uZQ2DASLHJNttd (Solo miner)',1,NULL,NULL),(470,1,'GPEWR3NBjsxmXaxAoSN3j4STBhhebYwXVL (Solo miner)',1,NULL,NULL),(471,NULL,'The HIVE',0,'https://hive.gulfcoastmining.com/',NULL),(472,1,'GK91ChnjUNB2txw2DhFuvHrGdc1nce9rAU (Solo miner)',1,NULL,NULL),(473,1,'GPxRNU4wja6zzCdFhQypqPawD1SMgUiVCL (Solo miner)',1,NULL,NULL),(474,1,'GgnzsVYyaLua1eK5bJENyb16eFZ739fTbR (Solo miner)',1,NULL,NULL),(475,NULL,'Hash Value',0,NULL,NULL),(476,1,'GTaX4gDYG1mJLmb2vVeT1EZYt7Z29crhVi (Solo miner)',1,NULL,NULL),(477,1,'GVxxV1MMNHwBVdSzVKryVsfzFFQnpivRo9 (Solo miner)',1,NULL,NULL),(478,1,'GK14SXnJL1d6Pt8QWVQqPMvaijNEAPgDkp (Solo miner)',1,NULL,NULL),(479,1,'GQDdcJUpU1bn1eENZyAm8Jh1jodbixFiCa (Solo miner)',1,NULL,NULL),(480,1,'GZPkyiLHvNDPFETcjyuvwcZLNFfTRAqxBn (Solo miner)',1,NULL,NULL),(481,1,'GWXs1ASjxzpgQu2iUbe7wN5AC3ZvvHeSg8 (Solo miner)',1,NULL,NULL),(482,1,'Gf8ZeRFhN2q27EhZxafM72yZGD28GZdWaW (Solo miner)',1,NULL,NULL),(483,1,'GY16MYTqEa6zfisFX9sGmMtnBrNrdd3w47 (Solo miner)',1,NULL,NULL),(484,1,'GRLcMiNee8b1dgfpm4VZ1o134bZSRwsBUQ (Solo miner)',1,NULL,NULL),(485,1,'GVtZSWnMS4niYvcoJxjduran6mAs7zVfTa (Solo miner)',1,NULL,NULL),(486,1,'GWYRqXsi48XhjYDLV9tWano7Sup6nWZ6bF (Solo miner)',1,NULL,NULL),(487,1,'Gg4HfCZt1NR4Gy3ra7t1k1yHkMWURXCGgh (Solo miner)',1,NULL,NULL),(488,1,'GedZ7MDhFycEzHNReAdqwXDQACVxyZ7952 (Solo miner)',1,NULL,NULL),(489,1,'GSF8G2uuD9aMHJNEnxCUWrHevRYSNySADa (Solo miner)',1,NULL,NULL),(490,1,'GSzLTuMLrmKEErbBzSRkFt4fCUatr6kdpb (Solo miner)',1,NULL,NULL),(491,1,'GSsynpQhjnBZzdrWJqaRWNnJcFLyM3Kg5k (Solo miner)',1,NULL,NULL),(492,NULL,'GNSm2APNd4i7BzDXZqVmPuGkW3Es36Ltro (Unknown Pool)',0,NULL,NULL),(493,NULL,'Gdv6RYyKcYpRBT2qsRfgXdi8wSvaTWom8N (Unknown Pool)',0,NULL,NULL),(494,1,'GRLCUzc5hvRQycXZt4NikTfSCY5DWzrSb2 (Solo miner)',1,NULL,NULL),(495,1,'GbA4SEqVs3VedC6Gon9ahGEEaa8dceMKUQ (Solo miner)',1,NULL,NULL),(496,1,'GcBt7GZCHYmFuP4uV8p3JtoMGsC9XDKwKv (Solo miner)',1,NULL,NULL),(497,1,'GPFr2sUoe6RXPwjtubDZdC96x5uaR16hhL (Solo miner)',1,NULL,NULL),(498,1,'GUPjFiwq6yA3RJYAnjwyk38M7drws2YDwQ (Solo miner)',1,NULL,NULL),(499,1,'GdjqjrU4VuUi9ix624AGDETZ5kUchu1yzB (Solo miner)',1,NULL,NULL),(500,1,'GX2iBjhesXRnXBDXBj4nQKTW5p8AfsYNFd (Solo miner)',1,NULL,NULL),(501,1,'GQ1CJmjro6GruaGNcbJf9qMg1wfvTP7wwe (Solo miner)',1,NULL,NULL),(502,NULL,'GMhbVw823NfSkv4R5YvqRiEpytN7YyHq8g (Unknown Pool)',0,NULL,NULL),(503,NULL,'GKyLkJ1HidK8xc6EtaPcAJQCc2MR3dRfvC (Unknown Pool)',0,NULL,NULL),(504,NULL,'Power Pool',0,NULL,NULL),(505,1,'Ga1bXqtPF6te4mpKTVcUwbmi4rRsM9Ns3o (Solo miner)',1,NULL,NULL),(506,1,'GPBh3HwbDH4N6Fw1ub8e5rAWYP4eEbrH6w (Solo miner)',1,NULL,NULL),(507,1,'GRL6Fnjp4ixUzrwoxvoeuanqGvtgj3kwfF (Solo miner)',1,NULL,NULL),(508,1,'GWZsBRC78Ksamf6kqamPL5H51dMRHKCLVE (Solo miner)',1,NULL,NULL),(509,1,'GZBCLAC3dWtQ5K9Q24TUcknzTbrgfmtFWU (Solo miner)',1,NULL,NULL),(510,1,'GfLe8xRXQugor5LQX2sMUCTqNGwVqd1Mmk (Solo miner)',1,NULL,NULL),(511,1,'GJNNVNPG1weh4kQAL5svUFrEAizWSrTBvN (Solo miner)',1,NULL,NULL),(512,1,'GbHcrDxDKdDEYdyPbd596ZJ7W37mnhiaAX (Solo miner)',1,NULL,NULL),(513,1,'GRTiV8no9zyRP6hVF7HqBuY5MaRunsVmnE (Solo miner)',1,NULL,NULL),(514,1,'Geb7sF5v2gmpL1c981PkqtivjiFrsx9N2n (Solo miner)',1,NULL,NULL),(515,NULL,'GKFCCEBo1ZKdyDFDkx6JW2Rea1wgzmj7UA (Unknown Pool)',0,NULL,NULL),(516,1,'GNGS5ivnuJd12oTGMWBJtwNUFzqX3a6Nce (Solo miner)',1,NULL,NULL),(517,1,'GVJfXjEED8CB3Wu8JKj17tvou4ZZutNNY9 (Solo miner)',1,NULL,NULL),(518,1,'GZTdXgd692Ugv9sN6v1WSB5nrhjR9VTfCp (Solo miner)',1,NULL,NULL),(519,NULL,'GXRqTg7UVpCPGvRFCjWjugjv7hMoDd6TW1 (Unknown Pool)',0,NULL,NULL),(520,1,'GQ4oXXWgbjkt3oj5rT3M7wqd9aoXmGeMQS (Solo miner)',1,NULL,NULL),(521,1,'Gckb38FZsG1GPh41Nw4ZEdJZaGD75GKSv8 (Solo miner)',1,NULL,NULL),(522,NULL,'GZGjRzie5oXcQFmAgxACAzqFC58pqbxBs3 (Unknown Pool)',0,NULL,NULL),(523,1,'GbGiBWVCkKkHrMqjJug2qkvMzoPpFeyeD8 (Solo miner)',1,NULL,NULL),(524,1,'GMmnYzq9EkmXQby93n8t79wY9fyhvSXUat (Solo miner)',1,NULL,NULL),(525,1,'GQwDRaNoKT19HiJoBwEHE5CsnZfwqeSYiA (Solo miner)',1,NULL,NULL),(526,NULL,'GTdettycS5136ipKHJuuwBW3y5A42oDfLD (Unknown Pool)',0,NULL,NULL),(527,NULL,'GRkhCA28RKYUEjwqXxyL9pe4uAWEjUNv1s (Unknown Pool)',0,NULL,NULL),(528,1,'GfzDUDTQ2AAyCQzmVcuwRtdePsLsMmd2he (Solo miner)',1,NULL,NULL),(529,1,'GgknPXHvS85LThjdpgtPNqkbhw6ZvyLEHG (Solo miner)',1,NULL,NULL),(530,NULL,'GJbu9sFFrXeDZAU2qtRiQrEDTEUdA93h1h (Unknown Pool)',0,NULL,NULL),(531,NULL,'GgebF3Payza66pcaGujK7UGr8LoyoJkiZr (Unknown Pool)',0,NULL,NULL),(532,1,'GQN4JWTnjuT9SVzdorYDuJ1Jv1T7uyddnj (Solo miner)',1,NULL,NULL),(533,1,'GMgNZW1r9W5XH5aAxQiow4QV9tWfjPmt4w (Solo miner)',1,NULL,NULL),(534,1,'GWUzyNXMf89KAD4ELuFhs2zNeddFk4Mi7v (Solo miner)',1,NULL,NULL),(535,1,'GbHrCLLGWQC2JTTBurXSAPpfo3DVcyE4sU (Solo miner)',1,NULL,NULL),(536,NULL,'GZ9LxuSjtAbuz9LQs4ejWw8QTEKWzUktac (Unknown Pool)',0,NULL,NULL),(537,NULL,'MN8YfZTJHUtsZJzs1XtcyfzU38kAFN1qZM (Unknown Pool)',0,NULL,NULL),(538,1,'GNdVYe3TxFP2L6xyoj6AVtEqezmYK28tKt (Solo miner)',1,NULL,NULL),(539,1,'GZ54Mw2WvftUgZeHG8Jpm62KTbgsJL1qdn (Solo miner)',1,NULL,NULL);
/*!40000 ALTER TABLE `pool` ENABLE KEYS */;
UNLOCK TABLES;

--
-- Table structure for table `poolsignature`
--

DROP TABLE IF EXISTS `poolsignature`;
/*!40101 SET @saved_cs_client     = @@character_set_client */;
/*!40101 SET character_set_client = utf8 */;
CREATE TABLE `poolsignature` (
  `id` int(11) NOT NULL AUTO_INCREMENT,
  `signature` varchar(32) NOT NULL,
  `pool` int(11) NOT NULL,
  PRIMARY KEY (`id`),
  UNIQUE KEY `signature_UNIQUE` (`signature`),
  KEY `fk_poolsignature_pool_idx` (`pool`),
  CONSTRAINT `fk_poolsignature_pool` FOREIGN KEY (`pool`) REFERENCES `pool` (`id`) ON DELETE CASCADE
) ENGINE=InnoDB AUTO_INCREMENT=38 DEFAULT CHARSET=utf8;
/*!40101 SET character_set_client = @saved_cs_client */;

--
-- Dumping data for table `poolsignature`
--

LOCK TABLES `poolsignature` WRITE;
/*!40000 ALTER TABLE `poolsignature` DISABLE KEYS */;
INSERT INTO `poolsignature` VALUES (1,'/FreshGRLC.net/',1),(2,'/Garlicpool US/',109),(3,'/Garlicpool EU/',109),(4,'/grlc.suprnova.cc/',369),(5,'/Bakery/',96),(6,'/Garlicsoup.xyz/',95),(7,'/HappyGarlic/',106),(8,'/ButterPool/',112),(9,'/Garlicmine/',108),(10,'/HRY-Mining.co/',370),(11,'/Garlic Factory/',252),(12,'/GarlicBois/',345),(13,'/Breadpool/',174),(14,'/GRLC Gang/',400),(15,'/Garlic Legends/',367),(16,'/GetGRLC/',364),(17,'/GoldenLoaves/',374),(18,'/GBP/',146),(19,'/h36.nl/',152),(20,'/HELSINGPOOL/',368),(21,'/GarlicoinPool.com/',372),(22,'/Spatula City/',306),(23,'/GarlicPress/',339),(24,'/MiningPixie/',409),(25,'/Garflip/',371),(26,'/DrDogPool/',414),(27,'/GRLC Farm/',380),(28,'/GarlicPub.Club/',402),(29,'/cagecoinpool/',272),(30,'/astral/',381),(31,'/StronkPool/',428),(32,'/drink.garlic.wine/',383),(33,'/IamBadass/',213),(34,'/Dmalf\'s MineGarlic.com/',115),(35,'/Elephant Garlic/',430),(36,'/TechTwins/',456),(37,'/UrgoCrypto/',465);
/*!40000 ALTER TABLE `poolsignature` ENABLE KEYS */;
UNLOCK TABLES;

--
-- Table structure for table `pooladdress`
--

DROP TABLE IF EXISTS `pooladdress`;
/*!40101 SET @saved_cs_client     = @@character_set_client */;
/*!40101 SET character_set_client = utf8 */;
CREATE TABLE `pooladdress` (
  `address` int(11) NOT NULL,
  `pool` int(11) NOT NULL,
  PRIMARY KEY (`address`),
  KEY `fk_pooladdress_pool_idx` (`pool`),
  CONSTRAINT `fk_pooladdress_address` FOREIGN KEY (`address`) REFERENCES `address` (`id`) ON DELETE CASCADE,
  CONSTRAINT `fk_pooladdress_pool` FOREIGN KEY (`pool`) REFERENCES `pool` (`id`) ON DELETE CASCADE
) ENGINE=InnoDB DEFAULT CHARSET=utf8;
/*!40101 SET character_set_client = @saved_cs_client */;

--
-- Dumping data for table `pooladdress`
--

LOCK TABLES `pooladdress` WRITE;
/*!40000 ALTER TABLE `pooladdress` DISABLE KEYS */;
INSERT INTO `pooladdress` VALUES (1,2),(4,3),(6,4),(8,5),(10,6),(12,7),(15,8),(19,9),(21,10),(23,11),(27,12),(30,13),(32,14),(34,15),(36,16),(38,17),(41,18),(44,19),(46,20),(50,21),(54,22),(58,23),(61,24),(65,25),(68,26),(71,27),(73,28),(76,29),(78,30),(81,31),(83,32),(86,33),(88,34),(90,35),(93,36),(95,37),(97,38),(99,39),(100,40),(103,41),(106,42),(108,43),(111,44),(114,45),(116,46),(118,47),(120,48),(122,49),(124,50),(126,51),(128,52),(130,53),(132,54),(134,55),(137,56),(139,57),(141,58),(143,59),(146,60),(149,61),(153,62),(156,63),(158,64),(160,65),(162,66),(165,67),(167,68),(169,69),(171,70),(173,71),(175,72),(178,73),(183,74),(185,75),(187,76),(189,77),(193,78),(195,79),(198,80),(201,81),(203,82),(205,83),(207,84),(210,85),(212,86),(215,87),(218,88),(219,89),(222,90),(223,91),(238,92),(240,93),(241,94),(243,95),(860,96),(925,97),(1946,98),(3285,99),(3770,100),(5084,101),(5433,102),(5804,103),(6026,104),(7300,105),(7415,106),(1756,107),(8118,108),(8412,109),(5421,110),(9571,111),(10004,112),(10382,113),(11931,114),(11962,115),(12350,116),(13072,117),(13231,118),(14093,119),(12717,120),(15201,121),(15366,122),(1312,123),(18209,124),(8038,125),(18345,126),(18599,127),(18770,128),(21149,129),(9696,130),(23059,131),(23292,132),(24432,133),(24548,134),(24737,135),(25365,136),(25521,137),(25686,138),(18231,139),(26163,140),(27015,141),(27643,142),(27966,143),(16301,144),(30528,145),(33186,146),(34888,147),(35037,148),(36436,149),(36700,150),(37106,151),(37302,152),(38013,153),(38347,154),(38433,155),(39607,156),(6042,157),(42631,158),(40402,159),(30921,160),(47155,161),(51210,162),(52051,163),(52978,164),(56914,165),(14552,166),(60136,167),(61845,168),(64079,169),(64099,170),(25636,171),(65895,172),(66012,173),(66334,174),(67382,175),(69589,176),(70613,177),(72770,178),(4388,179),(13405,180),(73503,181),(74123,182),(2045,183),(753,184),(12467,185),(75737,186),(75898,187),(76337,188),(13332,189),(76821,190),(23035,191),(72403,192),(73913,193),(78065,194),(53045,195),(15601,196),(14100,197),(47499,198),(5718,199),(63398,200),(19727,201),(81093,202),(76927,203),(11351,204),(82517,205),(33602,206),(83121,207),(83390,208),(53075,209),(45531,210),(76020,211),(84803,212),(85189,213),(87934,214),(12243,215),(7264,216),(90095,217),(90906,218),(91237,219),(84167,220),(92998,221),(93662,222),(78678,223),(95986,224),(50687,225),(100140,226),(101099,227),(19163,228),(102141,229),(102457,230),(79484,231),(90136,232),(106199,233),(30320,234),(108194,235),(108442,236),(113165,237),(19649,238),(99013,239),(115957,240),(116225,241),(78547,242),(117743,243),(5922,244),(5732,245),(120178,246),(120902,247),(122313,248),(104710,249),(123707,250),(80977,251),(117488,252),(125435,253),(125711,254),(50233,255),(37948,256),(127420,257),(105562,258),(129057,259),(93681,260),(106350,261),(7429,262),(8528,263),(37965,264),(132925,265),(133063,266),(5332,267),(134217,268),(131513,269),(108230,270),(67990,271),(136514,272),(45911,273),(137047,274),(74507,275),(78455,276),(128902,277),(98657,278),(139506,279),(139779,280),(139966,281),(10362,282),(11434,283),(141405,284),(141591,285),(1880,286),(9991,287),(143039,288),(75054,289),(143574,290),(145255,291),(148457,292),(5335,293),(148653,294),(149911,295),(22748,296),(124276,297),(76242,298),(151180,299),(89180,300),(105823,301),(28534,302),(151828,303),(152210,304),(152607,305),(139933,306),(128228,307),(25333,308),(155038,309),(155089,310),(155112,311),(99613,312),(156445,313),(91491,314),(84960,315),(159332,316),(104580,317),(123858,318),(170604,319),(74260,320),(174104,321),(174319,322),(147057,323),(124614,324),(144922,325),(96950,326),(178825,327),(181663,328),(128207,329),(5300,330),(182130,331),(182934,332),(11675,333),(183752,334),(185753,335),(185910,336),(185930,337),(188532,338),(192454,339),(190039,340),(195384,341),(195698,342),(202684,343),(202798,344),(214688,345),(217213,346),(221831,347),(222731,348),(224409,349),(225145,350),(229485,351),(230963,352),(231807,353),(234118,354),(235109,355),(132455,356),(241635,357),(242679,358),(217918,359),(252420,360),(33870,361),(270583,362),(272108,363),(265236,364),(286880,365),(289974,366),(290728,367),(300153,368),(306165,369),(305425,370),(295515,371),(285257,372),(283008,373),(307634,374),(307738,375),(307876,376),(313631,377),(317584,378),(320727,379),(320751,380),(322627,381),(334822,382),(336103,383),(349500,384),(319715,385),(8715,386),(309459,387),(36865,388),(353999,389),(10144,390),(83344,391),(273407,393),(357990,394),(309656,395),(370721,396),(36615,397),(360709,398),(84868,399),(337776,400),(386365,401),(174453,402),(41997,403),(393430,404),(393713,405),(395283,406),(396965,407),(397930,408),(397978,409),(347977,410),(406770,411),(407296,412),(5869,413),(357280,414),(409139,414),(33074,415),(36224,416),(414864,417),(391395,418),(420631,419),(306716,420),(361741,421),(424289,422),(425599,423),(427141,424),(34253,425),(148987,426),(423820,427),(406460,428),(286083,429),(445247,430),(1415,431),(448144,432),(12804,433),(325307,434),(67565,435),(6062,436),(472881,437),(475252,438),(476783,439),(483916,440),(339488,441),(492429,442),(494595,443),(461177,444),(63249,445),(102522,446),(320342,447),(12310,448),(518511,449),(511181,450),(522118,451),(522732,452),(509132,453),(524937,454),(529531,455),(529959,456),(517779,457),(514305,458),(319394,459),(431034,460),(550656,461),(555684,462),(564390,462),(557030,463),(559863,464),(561607,466),(562642,467),(563033,468),(563046,469),(563074,470),(563581,471),(563587,472),(565328,473),(565574,474),(565311,475),(2662,476),(567289,477),(573116,478),(597020,479),(599088,480),(601210,481),(601615,482),(603345,483),(375915,484),(609065,485),(611966,486),(618374,487),(619909,488),(11622,489),(105644,490),(642008,491),(642729,492),(645712,493),(631272,494),(662171,495),(672651,496),(713137,497),(711845,498),(59473,499),(973985,500),(979966,501),(1005719,502),(1037645,503),(1039840,504),(1050181,505),(1052234,506),(1052337,507),(1053058,508),(1055035,509),(1057304,510),(1057412,511),(1066436,512),(1057087,513),(26561,514),(1113146,515),(1117422,516),(1132592,517),(1132851,518),(1134858,519),(1141560,520),(1167313,521),(1193052,522),(612199,523),(1238646,524),(1241748,525),(1247645,526),(1248273,527),(308213,528),(1233185,529),(1272371,530),(1274769,531),(1283152,532),(1309111,533),(1310655,534),(1323312,535),(1153296,536),(1329058,537),(1329188,538),(1339647,539);
/*!40000 ALTER TABLE `pooladdress` ENABLE KEYS */;
UNLOCK TABLES;

--
-- Table structure for table `address`
--

DROP TABLE IF EXISTS `address`;
/*!40101 SET @saved_cs_client     = @@character_set_client */;
/*!40101 SET character_set_client = utf8 */;
CREATE TABLE `address` (
  `id` int(11) NOT NULL AUTO_INCREMENT,
  `type` tinyint(4) NOT NULL,
  `address` varchar(64) DEFAULT NULL,
  `raw` varchar(256) DEFAULT NULL,
  PRIMARY KEY (`id`),
  UNIQUE KEY `address` (`address`),
  KEY `addresstype` (`type`,`address`)
) ENGINE=InnoDB AUTO_INCREMENT=1384945 DEFAULT CHARSET=utf8;
/*!40101 SET character_set_client = @saved_cs_client */;

--
-- Dumping data for table `address`
--

LOCK TABLES `address` WRITE;
/*!40000 ALTER TABLE `address` DISABLE KEYS */;
INSERT INTO `address` VALUES (1,0,'GfGydXmonqA67KRRNBc5bkVq8pghxDHTiC',NULL),(4,0,'GekvvhshyyKHbfHDpAw25gBh4Wptdjrfaj',NULL),(6,0,'GN4CiVKVAg5jKqZBTSznqhQ5vLjgJjm5e7',NULL),(8,0,'GU9jUkPKHkxpKmD3hjhVGRmnCYPjZ6yrgG',NULL),(10,0,'GUL2y4KfGjXkbP93hom1fCKM4UZjLi3ABp',NULL),(12,0,'GZa9m6KLqsP9R3qAt2JRQd68EYzcAv6oMn',NULL),(15,0,'GSMWvLzBtPZpBd2Eh84Dbvo9zCisEKvUnW',NULL),(19,0,'GU5QjYBr6enHxMXWHBSDs1YsSKchPcStHj',NULL),(21,0,'GUii57uwL2pXZZS1TGyoHkGERQZBypFw9S',NULL),(23,0,'GJAbzwPD3cfgeaZ4TPDXRGT4xVcKWEEBqr',NULL),(27,0,'GQC5UeggQNjt27R5xPEDrzJ52rqYNC3Ra5',NULL),(30,0,'GJJDPnRJVMuzLsmaRax4FZfgoPzeUNnzmJ',NULL),(32,0,'GMGVeZvzx7heYx7PZTZTkbWdNEh6MasjYX',NULL),(34,0,'GYWui5cvEnVu9K95EnXjADGo5wVhJaCnkT',NULL),(36,0,'GQRavrNTy9HzPY17ediLUCnNhYXJkszdoo',NULL),(38,0,'GJcKFEF9pMzPx39N9pgzggFAnHsMJETgfA',NULL),(41,0,'GeqokXDAjVGHCHknpoPPp837sFCUDgt2VH',NULL),(44,0,'GcLTwr3WckhTtohcj593gZ5pJCeVfyHNki',NULL),(46,0,'GaaJJji4MKjSUEo3EWJqPHynA13MSnde5A',NULL),(50,0,'GPc4UxcUHAJR2riv75snJgaGWJpsZHU1RC',NULL),(54,0,'GQSTcHNypYCPX8HyQYejCZfSR3ZKrbwoNa',NULL),(58,0,'Gh6DhdhFv4QeB4PuGuNTEt4hc1Vvx7nwyR',NULL),(61,0,'GfuinyhJWcq9oCm1v8SJygC3e5agwP2rGQ',NULL),(65,0,'Gdk6vG3skSJqDF3XTaBfbMeHNFpHWdn9id',NULL),(68,0,'GTz3Hq6qjytD6dpLDwEXDXcvRrAvUrh7FM',NULL),(71,0,'GVtURS4h3YKbGscXcyan8RSYjPEzFanqnu',NULL),(73,0,'GVjR2Q6Bi7KDrQu5bQMKTV3vDQzPRKuaXm',NULL),(76,0,'GTrMdtniK11YQLc6VgJGgjeJFoUaPDa33G',NULL),(78,0,'GVKkzw6Ln4sK7r7KqfXnfL3wdjLmN1Muhk',NULL),(81,0,'GbqWf7hc4EdKzLtn2Mht6Zer763QPYBnpL',NULL),(83,0,'Ge3bAAnH1LX39J74qqCXaSBpjepcT1BHnW',NULL),(86,0,'GcgvoELZXBqLHfSJNW98LHrpSFAebbWnFh',NULL),(88,0,'GZ3YZjK6JFBZNfbCs6pAFExXQKnDn1gAGe',NULL),(90,0,'GNRC8TaiJY5z4n7TbjU7UBjv2VkB92aPos',NULL),(93,0,'GQSTJF6wzVxUx8S7cC8n2pTk8XeXZtPPey',NULL),(95,0,'GfELuj8VyAD5Tx3cxiug4gredjFJSobrBC',NULL),(97,0,'GZCSCuwAV6gD71EHAEWiXcRpE1t1vkkpPo',NULL),(99,0,'GNiK2yXznTUpNDnsAMKtTHTFxng9iQbkKj',NULL),(100,0,'GdhCr7uSCap9zdKBKjwDKF8fLobSLF93Dq',NULL),(103,0,'GLYkhXccFwjvFMckv3hdUmWhuyWL4THM7D',NULL),(106,0,'GgjvkMV9UcDCWkHv1MzFCB54AvHrRHYMJa',NULL),(108,0,'GKAwiAfvSAuuQ6iYEhinxiouLNyhKCudaU',NULL),(111,0,'GU7HH9XKo1aeZQ5WCLx7Pvexx6ysNoQrvz',NULL),(114,0,'GVsXdgsVNey2V5J78LysEDcKntA9dv9d37',NULL),(116,0,'GZixw8GsAdYoyrk4n58KAiXEn2ZaaXJved',NULL),(118,0,'GTEdd2C97qkApNTH3PB1YUmQpioPp4YmhM',NULL),(120,0,'GSDZnLjC38tqG1Kaa3ZMFK9phooCgDYU5Y',NULL),(122,0,'GerEB1xkDbsyFd5zAER1gn6PPazLJr4Db1',NULL),(124,0,'Gd1uXGbBQo8S51YMCZXJ292rsQmrmiLW4y',NULL),(126,0,'GQzv2ZiY1w3gnV1svjET7aD1Rphg27AeP1',NULL),(128,0,'GNw5kdw7rCX3q86spgteikBrWQmYWu1SNi',NULL),(130,0,'GZMiLRzPqP5bgeVi4XLdPwGAw8ye8FYkNW',NULL),(132,0,'GJaiwsHAArpCRoGvGoZwC8Fidtpw95QwDE',NULL),(134,0,'GewLxUJnhbBAvyhK91FBmxE2JRdMmKmhRD',NULL),(137,0,'GK2CuyzgYZo9MwhtAkdbFToeyT6Fyc1y6j',NULL),(139,0,'GKQ8S1TFrVp4bPHGdYYUt8JrYi1xH33mcY',NULL),(141,0,'GPAYaBKDUuxeygiLCmrGVb3R7Bmbt5F6mZ',NULL),(143,0,'GbyJVkoa1ZQGLkwKU2iaL8Kh9s5bTjXb5L',NULL),(146,0,'GJyxuun8uAgaKgm74dXXj3883QXhSyyTzW',NULL),(149,0,'GRt3su4sK7dh3AW1gB2jZvpMeRJ5bckJPc',NULL),(153,0,'GTL65fBHnULqnYv1r8WEQy3VPZStyE6KYi',NULL),(156,0,'GLVhQyYPFiSdkEbw3CqZqZF2rkgFbcrbac',NULL),(158,0,'GWLKfgLp8pFWxiSc8jzTNkVQG7qPNsHhHB',NULL),(160,0,'GVsPDgHfxq7dDif3XhS23p64C19vGJKrSC',NULL),(162,0,'GaFpuVXN4jxepfCuXJapyHKg1ShqMJHSB6',NULL),(165,0,'GfEJGVQNbaKh2fqhbMs33YcghmtMigZbWt',NULL),(167,0,'GSXN6Yro2AsyLmZRsCwkFzFMasNUurwqtV',NULL),(169,0,'GaFCfNThib3St3xvg7Xp1YdrVHbqrSr7XU',NULL),(171,0,'GY48PqPwDDCDYigznfD6rYmXL64CPb7Q72',NULL),(173,0,'GLK2qZJvmgSSYEXSexCTZiV2nf2Li2s4hn',NULL),(175,0,'GgXeb2HTXwbnCDu3M95VJfqdhkA1RexXT9',NULL),(178,0,'GUrLQUUerzn4FuA5vDRXvkrPmLSfZH5E9a',NULL),(183,0,'GZ2x4hFJoTSfXe5UADjLuWcHT3pdznnpE7',NULL),(185,0,'Ggy81vJDKujkpnpGZJ4Kn6dn5JPr2Swh4q',NULL),(187,0,'GK9FZD4yuC2pgXwfBXQCkqBKbTAHJAUwHP',NULL),(189,0,'GMmmqHCuPAuMeKgGgC3Rc52obXKmarVaio',NULL),(193,0,'GZAyMsVjaETAKEGeKxybPCZGykSntFCfhZ',NULL),(195,0,'GSqGN3Ra6sy9yqw7qSxZEJetPh5J3wgxBw',NULL),(198,0,'GT7zpiNQAscNbx3LXKjRVaDrNktUaRKx46',NULL),(201,0,'GUGX6e7nBL633oZayqvvFyWvF92rSizXXD',NULL),(203,0,'GYnHU8RVr597qJrxYQBacgj8wRmuewKu5E',NULL),(205,0,'GfSPYJw4WtTyrVQMMYgR2xj47dt9hieRpn',NULL),(207,0,'Ga9VibGDPHEYKomDECKVTr7GnqL4rpe8eT',NULL),(210,0,'GcWJnGvAjCngzDNcGVi22rCXSRYW5Qwgjc',NULL),(212,0,'GSU5TbgfKwQJL9FC5sB2BfDSzkTpwUumjj',NULL),(215,0,'Gam19a3ts6cbWYp5vP5p661wjnMZbH9Hco',NULL),(218,0,'GVNtr44PRVzg7Fo3j2YAZKXmSRwUyFuwmu',NULL),(219,0,'GdAzo6r7RHEpmMHydUEp7VaiqQCz7fhzaj',NULL),(222,0,'GXmG8h9QjgD3b25bmaeNWwQBxJNRLcYiFZ',NULL),(223,0,'GNqhi8Ub36XFWmkX4buR7AbknEijNc5bHV',NULL),(238,0,'GXzTB2pTm6fy53RpyUB5pHE4qwg62uqUyi',NULL),(240,0,'GKPuHkxXn1RXgBtWVRnpxsZnbr3yievdaK',NULL),(241,0,'GaffRVPwpFhtgNKotKD8pAofdAJHYFEvWt',NULL),(243,0,'GgGFfVPFvJ3tMQekhGrM5fQX2SNNZAZnFw',NULL),(753,0,'GLoKu7a8RyXKxZHKjFvnzvB4Dry85i44QE',NULL),(860,0,'GRBakeryTTNeEEpXgG8EJumcLojx2bfeT7',NULL),(925,0,'GbRJP542hPwRwkgAiVCsyr7QNj4e6pwKQT',NULL),(1312,0,'GenuinewtsixRDMMUZYHz7VXyfHZnaz9tD',NULL),(1415,0,'GaNDAr3EqVoMMWTFWyKwv24z84tnQqWaMZ',NULL),(1756,0,'GQ3EyMN5vkxKGqx13D4TU68zynESNnRa2o',NULL),(1880,0,'GMDyMnjkJ5fcB3ZzYraVCJDHdPozcSEmyR',NULL),(1946,0,'GR5NmUmMXrQteiYqm2TEbTA3hzz7J9bR8a',NULL),(2045,0,'GggVSqTPd6mmy1ifCF5zUwGJUMZkMwJdWX',NULL),(2662,0,'GTaX4gDYG1mJLmb2vVeT1EZYt7Z29crhVi',NULL),(3285,0,'GJxETRtATCYMwVadm98mdFZfqhpnHjX7Uc',NULL),(3770,0,'GWyiB58jmgFkKznPBrD3kXJgfmybSxo5wX',NULL),(4388,0,'GYPJUQPiQx1WGkJSkE5AjvzRYCiFwTbW5C',NULL),(5084,0,'GR4q1RE2NA6cMrKC2mfQtEWwvVMjTeRozu',NULL),(5300,0,'GQSFjHgzWJpdnxkWYngKK3Eje1BNVnpvSM',NULL),(5332,0,'GLJd7MezYdKYyjMywSbxwi4NrJt3pfymfZ',NULL),(5335,0,'GVCtjywFR6KawcLJg2rBe97dxm67XMVt6J',NULL),(5421,0,'GNhgPDds83m7To4umwDxip8TUFGytXkmvW',NULL),(5433,0,'GWdADR5CTx6mkKFhkg1xqxp8Fo2UxiATPF',NULL),(5718,0,'GakHcuuFxr7h53RDTpntChzBpr4LzLpHLs',NULL),(5732,0,'GeqwQkpVube2QjMpXKTLAUKU7Vq9Kyzdmn',NULL),(5804,0,'GR17M81X5JpJ5t7sGrsFN45uxaEYPsQJi2',NULL),(5869,0,'GXwyV9JzLhz8MYfG2gfXLLeVRGSXPUYkxC',NULL),(5922,0,'GUf9sS8xjz1qYLkKDeBzhgxDrCQNHvNjTb',NULL),(6026,0,'GLkaHpAk4oLLTsn29fjdrJfbtUXf1QWNoC',NULL),(6042,0,'GZ7xZafCHaVrYMBGbTFN6Mrq3dTSVJvFtZ',NULL),(6062,0,'GXFV4bBuV2kzAwQsotAYs8xjWgVhSVsGsx',NULL),(7264,0,'GLVBgn4Yfh5z78EZm7BG63rULr9YEoziLz',NULL),(7300,0,'GRLCTwmf5PFKPGmmDYoSb1YtGS2KKztPya',NULL),(7415,0,'GbjjvCUdwUkEpDvrtCLzuVqJL2EYWRrWf3',NULL),(7429,0,'GSdnaeX6jJ7F5dm2CkA3u6hRzdrkE9aono',NULL),(8038,0,'GdXQ727KPGeXZJwn9cwc3c6dJLiQ1zYt9B',NULL),(8118,0,'Gc5Z8Gm1Ss9ru4FEBKdWWVPQjGE6twYizj',NULL),(8412,0,'GV9eiY8JY9NLTNXjstHU66i91F2rNLxjrp',NULL),(8528,0,'GVBB123mdpVQN7pLekp6EkC7sotYkTGSiv',NULL),(8715,0,'GbGWyhABxrWqsTSb2pc8vYyhGF6ocmq2sk',NULL),(9571,0,'GMR5dG3QtqMLkLu95TVFpNwAo76HTSWkfD',NULL),(9696,0,'GRjA5pcPDfTz6Ko9ov2ohtYKMReGtXSxH9',NULL),(9991,0,'Ge1GAjxW2FxpgFxMsdwAxGgoR49LNkXJY3',NULL),(10004,0,'GJ5ukdQRqVbVNftEYw4ZnRN5DxhBKdfEtZ',NULL),(10144,0,'GVQ1sXh9xDefzFHVmFGPTi6NVHjhEQfa7S',NULL),(10362,0,'GJa53yxFV9CsH2LRzsuxfr2pc1UmcG9AEq',NULL),(10382,0,'GTxcVr4GLVWd8UYEsZpaAz43NZX1h6gDHM',NULL),(11351,0,'GLFukxhyndSE5pZYJEgsStg5v3kBRKVxBN',NULL),(11434,0,'GSLT8ho2nPAqPpdwpVELxRQuYRTrgc4PvW',NULL),(11622,0,'GSF8G2uuD9aMHJNEnxCUWrHevRYSNySADa',NULL),(11675,0,'GJTcNpDrNxaHWctHB9tn1HJ5b9MYNPvTjA',NULL),(11931,0,'GgitNUYsyZETKv9wYjKV3gw2riqVLYaY1Z',NULL),(11962,0,'GaRLiCk9g57BPLN83WhkVWkEwpifcHWaLU',NULL),(12243,0,'GJ79NHUe37U8R8V4zHGZjmaSPD7kMiMtRW',NULL),(12310,0,'GewAuH4riCKH2DHoZ4WK7g3UGhBE4d1nCd',NULL),(12350,0,'GR3YuZoa9uShRQJcmvSf7YL6AL2HXsNZDo',NULL),(12467,0,'GYzxd6HArnzYjoFdvSdEcfp9X1EYQTEUxA',NULL),(12717,0,'GLn7ZRmB6cnPiZkBUTkH7Z8EtrCGVgtpeS',NULL),(12804,0,'GYAAv1QbKkdSnbVHHaHTdf2A91aAKU1uvN',NULL),(13072,0,'GLxWqMyAvLLEGa314BtiAjGdYZqt5U9Tkq',NULL),(13231,0,'GRV5aVbR9UsaT6boZuURj1ZqVxVMuXDqRh',NULL),(13332,0,'GW2B5S6PsfjCqyeR4Pu6kAYGjMRkMmEW3x',NULL),(13405,0,'GJMeuGM1EN2QsA6obAA3f6XZpfjXJKZFze',NULL),(14093,0,'GUBQvhT1XtzzB724rmQzxvtW1jpZNkTgwx',NULL),(14100,0,'GYn7T6NUeL4Xxam2iLc5N2t9edhtgskcuQ',NULL),(14552,0,'GaBLn7FCbcpxEbU2a1bFaN2FA2wc5yGLm2',NULL),(15201,0,'GaPoXrDKN2QQaYNRePiTYYu8CTZGGsfM8X',NULL),(15366,0,'GT2mKSXxQQz4weLe5ASkeZjas7Snj9ykTp',NULL),(15601,0,'GWiwd18frq6pZQmReWr5fQTdEP6WR2wvvL',NULL),(16301,0,'GKDEYCcLszdQtuuBahV2hWEL4FjaACPeMQ',NULL),(18209,0,'GdamZ2HDTma4T4Q762L2CnxvMxU1f34Se9',NULL),(18231,0,'GLfYdm1bndTnRLprPZ28odpDwzaA4NbZKT',NULL),(18345,0,'GYD1bMR14zwqtJjxZTZb8prLpkf45P7ib6',NULL),(18599,0,'GQEoZsCQQVLUaTniz2HWWBKwkMsECL61X4',NULL),(18770,0,'GKuWVm8PBPjWd5NQq9f34ZJPVqPQ6DTv4a',NULL),(19163,0,'GMeirLWrW34E2sRZ5jxJzkr31wCfWwgJuC',NULL),(19649,0,'GPGFphzWpuxSkfqUBYEtcP69WAcezKhvZp',NULL),(19727,0,'GaH5p5tApi68fGUdmb9powWg8QUEcQbNMq',NULL),(21149,0,'GKoPFhseaTt5rcKj8BTAKKAKYx2ZZMyqwX',NULL),(22748,0,'GScfVNVFccyt4j5yrKj68j3pmyF26tnEdX',NULL),(23035,0,'GdwQsiYvVRXGxxxpCcsoLkaUgieG8ck61D',NULL),(23059,0,'GZCAjpmgXbBVZTUScCUB5s2LoMvXW6ctTi',NULL),(23292,0,'GfLRB7hujePHysfUur4Dpc2Ve9uVaBf4mA',NULL),(24432,0,'GUgSgXqDCn6xFUaAMLEhZUEm1b8ofipCrK',NULL),(24548,0,'GfquLcQuDPRSiMvWsGVuvqyL9PnNVzWWpi',NULL),(24737,0,'GUPBMCzNtHm1MokGiLykARYxZ7Dj8TzU66',NULL),(25333,0,'GRgXXeDVXttw5DjoGYYWonskHkaFH1B5Rc',NULL),(25365,0,'GX473sopdgUeakYjkzEwqArzUPRTWXrif6',NULL),(25521,0,'GJp1uiJepbiLiCgyNE2JjZNMk89bupLG6p',NULL),(25636,0,'GXf9MjUGP7eCqzpH7SLrVctx9xyTV3DKCh',NULL),(25686,0,'GXRgWsEwR5EY8MCucW76yr3z5Wx9vqFbwd',NULL),(26163,0,'GXBTUbjWqeWvfFg3BNn84H9D18dRJnuv4X',NULL),(26561,0,'Geb7sF5v2gmpL1c981PkqtivjiFrsx9N2n',NULL),(27015,0,'GLKuiHsypu2sPLMkDffYcdsYNa7Jcw8HXc',NULL),(27643,0,'GR3syFrnMjrWuU8kPP3yczs8gDgBPkwg1x',NULL),(27966,0,'GMBgTNzYijBQS39bSwyQUAtAdnT9txPHpy',NULL),(28534,0,'Gh86Zs3ek69sNdfebaE7DkhDHTYoKF99kL',NULL),(30320,0,'Gay6YuTYVWFXbSZJ1Wi7ArnekNqYhneom1',NULL),(30528,0,'GgH1BEQ64BvtJ4ytNQMLX5a8iwaeiAoVDj',NULL),(30921,0,'GbmdXeP2fRhVDZkBiHNpEJqdhSUkBDwqLb',NULL),(33074,0,'GdbK8vhbxxxyBNqwyWqutagtgProRwjgQD',NULL),(33186,0,'GLffpxDXRkUvEnw7vubZkrSv1P14B3uSwb',NULL),(33602,0,'Gf7Q8Fke8YELD2dNCV26ARqiwtnosYQWhW',NULL),(33870,0,'GRR21zyrKaL9MHRMs6oSKgiv1k6Ed9ogDA',NULL),(34253,0,'GSHnd7qWaunw2VYqX8dzu3VrqUufGrHgJF',NULL),(34888,0,'GerNyS7qof69AtUoT8yEgZ5PiAg2kDgcAm',NULL),(35037,0,'GdRZX4PXJAywPwUweLpAuzeXi43N75TdsK',NULL),(36224,0,'GPKTN9cNESUheQj9g37zEpuP33XzSJe3Cf',NULL),(36436,0,'GP7sUuJPPefpCwJggEUfrH5WnSY6TS2jYx',NULL),(36615,0,'Gb153WDGS3nJrbSfWUh3mvX2yzPPv3G2vt',NULL),(36700,0,'GNCNrmTbDteZRtPA2VsqtnMrjHfoFFoXZC',NULL),(36865,0,'Gg9SJMBb3idBmbMhpMuuVN5WTdC4CjGjXg',NULL),(37106,0,'GbL6A6U7CZ3F2kdvRYiv5ANHJUisPPwDhv',NULL),(37302,0,'GVZWvCtEM9riskjVqckTp6nnRy2BXBnTW4',NULL),(37948,0,'GVrpGt2Zz2AqRX7tvv2aNCCzP4Vb58N7EL',NULL),(37965,0,'GQbRehEZqoACcW2ia2tuHAX7b6B1KcLFvE',NULL),(38013,0,'GJd2HyRcMP5Ub6s5wXifzSiBNKwuJpEss8',NULL),(38347,0,'GgTVrvCrb8tpheRFfpBAhAaWCc8cDQrPQP',NULL),(38433,0,'GLXXbU7Nx47gyH13a2W5qRVG9JQWUG4vtL',NULL),(39607,0,'GZqXR2xtGFLyPuXz67atZ8kTXLum4hvVDa',NULL),(40402,0,'GVBFgRnRz5Fd5DRRqvj4Y6yn2NTJLYmVP5',NULL),(41997,0,'GMJKLUcjq8dxHWUGLphtDHtzRkv7Edp5Kh',NULL),(42631,0,'GK1SGoxC26xwaeFd4XdkvyhEBHT1pfyfJw',NULL),(45531,0,'Gg9u642TwdWTso6cE7nFHf15wSXgbBZJuo',NULL),(45911,0,'GKEnEf7W4KzY2kztTGnJy6fjML7xFYKucv',NULL),(47155,0,'GSvQ9aWeyQwLexigzx3Q7A3Pdbt1X6dh6H',NULL),(47499,0,'GWX193C6bnvwKfEfeb4FYbfiUytKqN9Kth',NULL),(50233,0,'Ge5gNUZvmfR6mA1ZZaBMKaXipW4pCqerNJ',NULL),(50687,0,'GPyG96PBQyRWdLxvR8cZGzbmYbCFj9cbND',NULL),(51210,0,'GWThnSrRDwgPG2GepimGCQ9V1Nns7RcTxJ',NULL),(52051,0,'GK8r8JK4WqqVqKVyxr6sQAJvadTS2i2Wuh',NULL),(52978,0,'GdoyfLEkPBsMraPVxcYXNR3XWH5KNqM4cw',NULL),(53045,0,'GbDDgDApvqmBq54LxE7tE4B9BcxrvLiRM7',NULL),(53075,0,'GeeKHnxQ7A6dM5v7ui3R1zCrbbUfSZS1ah',NULL),(56914,0,'GYYzw27WxYz8NbBuiCdDXd2qAqNewft9SJ',NULL),(59473,0,'GdjqjrU4VuUi9ix624AGDETZ5kUchu1yzB',NULL),(60136,0,'GRZHneLXK9cbWjRFP1DW96bpco9MEVe1Dc',NULL),(61845,0,'GU8VCapAqcjRgvcR6cJ6x3XUKL6Dp59HcS',NULL),(63249,0,'Gdc4aSdLDTU8Q7VhJCNuAga4UKbh2Y2Z56',NULL),(63398,0,'GWXCFZB9h4AUs92HEBMnScJuX4fTZDtA9u',NULL),(64079,0,'GcaLr6UNggebhfPACBnXS2uUrH6Um1T1MH',NULL),(64099,0,'GgCyZDerKyBHjZv4Cx1dDznxmtTrPcituq',NULL),(65895,0,'GUAsBH58aLec4tBuWKs5Dm67ZCEMeDKMon',NULL),(66012,0,'GexQvNQAEVvmLvGJHQbYTnCBzVsvS4de53',NULL),(66334,0,'GQzUar4NTGWi5kYcLQUkKL6YRNTQDJHrTD',NULL),(67382,0,'GRgj6Uk3DhGHNTAun8dXVwZyPHBLQ81Ykw',NULL),(67565,0,'Gh5XCrZBnWzXbeLWAyFZ4ZnCH81VykfpKY',NULL),(67990,0,'GZ3XEHBjnj7ArKSAwJgzMtb57VFwnkNPkT',NULL),(69589,0,'GL9qr4wdgnEtGQ59xCUAo7Fcg14cgARCcS',NULL),(70613,0,'GNuoZvdKzfomXnBqTvpuLGKr8yVCYBx7qc',NULL),(72403,0,'GTrhCPXAT8riBk4cPuoLU91fQNgPpZx6pd',NULL),(72770,0,'GUjG7ggYtGLErPH9pzFySYseyD8jSssjAe',NULL),(73503,0,'GUYv7ZxTpPNCSMjo5UBkhU95vaNMKS7zM9',NULL),(73913,0,'Ge8A1cCbt8WSwDFw4oEwmm72dM3nWw74eU',NULL),(74123,0,'GdxCZB9fpVozqPdKbm73Bsc1Z7yspywwUK',NULL),(74260,0,'GVYTphUhSdnRxNb7Xi3ybqmHahVR7zcYPz',NULL),(74507,0,'GQLFKTujUTs2oseBcnD1RJXUBRm2Qbpg9J',NULL),(75054,0,'Gbz2oAGFDuN3iy9D84JURt8VV2itcCzdnJ',NULL),(75737,0,'GcreHAApnfaNdgXbbDyWqGWEurQRVBU6Rg',NULL),(75898,0,'GcAeYEENiBz8HWTpDrYkz8Qyq8yfDzz24y',NULL),(76020,0,'GczfrvKyvmdjXLQbZgrq9JCZMid8sbUzhJ',NULL),(76242,0,'Gf7DuGaBNTJRsmfV8xMhQKoXXxmzLBSBZX',NULL),(76337,0,'GgwQnB2raA3qfJvocPb2mCi9b7TUhKeMpv',NULL),(76821,0,'GWzWs6ipS6RE9XcUMUW6b3AfGhJwanjaQL',NULL),(76927,0,'GUvpUJKgs9RaCoLn9Sd7xtoBh5LYHGXQkm',NULL),(78065,0,'GRQvSmRZzytmgq2ZX95CQbwV3UAkjsgh6D',NULL),(78455,0,'GX64eX7eWkUdqNdQ5JPdVe5C7NDabY4N2d',NULL),(78547,0,'GHzwrRFsuK9ZLMhbcK3rdBK1s1HXRCR3gD',NULL),(78678,0,'GM2tqW7KkLjE9pyF3Wtvpuyq9dE21QJ1FS',NULL),(79484,0,'GZb6ggZfgdq6dT1thUxj8fsCrqtnSV3th8',NULL),(80977,0,'GeLbFxVCpuBXvxhw8DDT5Q6L46iVzEURZ5',NULL),(81093,0,'GYFQGkvT6MVbJQLHMNXeAH67fi9kcDNe2Y',NULL),(82517,0,'GUM6qcBsZJP1K9A9S8vmVSsyVVhh8D4uUU',NULL),(83121,0,'GezGhckgzrcNwoNZewB9HAZ55Hy4mXkRf7',NULL),(83344,0,'GTxMxiNaWmkAfUECopjmEN152irZ8dwd87',NULL),(83390,0,'GQ7i1P71PMtmWed2AksDY8ry7kLCirfCzp',NULL),(84167,0,'GbzJmmQRrXUp1KDvHbZcwUpFMDwEHDt1CJ',NULL),(84803,0,'GMRBuoz9vZBbgGaBaH5EfFe55kVxRcs5wx',NULL),(84868,0,'GWitK5uQEy6a8jzvoEVGtgq4VvoJkpa87g',NULL),(84960,0,'GYC8GxdDW5EBDf5aUh75wmf2rx2dzBpfDe',NULL),(85189,0,'GNrLbMf46i6dsHMF5KJmhoV6gzD1VVbEk4',NULL),(87934,0,'GSHjmn4J2vWuwptrAvmg2Kwnq9bCpACitP',NULL),(89180,0,'GJ862UyWkeTejALfD1gPgMPBX3YeoDKSfk',NULL),(90095,0,'GJDRHpRagzRS7tvenKShnnAQftDj2jH3Rn',NULL),(90136,0,'GgxcujMmPpTSPq8M9pLoP42aosx98EppQu',NULL),(90906,0,'GLsy4NWzx33kdZoaHiz2qJFKyXhb8x2aM8',NULL),(91237,0,'GPsFUQ1kCzaBceTJZgi9ETnuHf5XBzYoCG',NULL),(91491,0,'GVrT7eGndHduYA6bt5m5pVPq2VH9afcgnB',NULL),(92998,0,'GPfJtj12CMdvzhwnsf2GcKYHWpAYGWvLmR',NULL),(93662,0,'GUVJNBnckdDjGiwnYiw2oZbjEMDrLmoLyk',NULL),(93681,0,'GMqsngQVV54HapZEr4MBgasKAtp7UdmC7Q',NULL),(95986,0,'Ge8YeGfpTebodBgQb9sVJXhzdWVBdTmK2F',NULL),(96950,0,'GX8jGjLxFyLWbivqJd5vtfzvTcG3Jc5Z3D',NULL),(98657,0,'GajREqFTzXyj8C2pWGFCCk4LEXB3dn6jSF',NULL),(99013,0,'GQqNT4CPDrJCb4ohhLo4HkG4erJ4a9SSPQ',NULL),(99613,0,'GgMESYXfktwM2YgdtkJUkzWJYXdnQG29j7',NULL),(100140,0,'GLK2Gm5LChowNtbZEx5p8et5oKmViwERhU',NULL),(101099,0,'GVUHtYLPk6UN8UnsqBpGg2s39CHLbkM2HX',NULL),(102141,0,'GWTjFiE6JZsbJmXS3xGTueLTnM3pxW72JM',NULL),(102457,0,'GLKxmXs1fN7e7aZ89oG3BmGVMR92E3jhcc',NULL),(102522,0,'GYfEPWeQMGf4Bt6WSjGvD9UQrkBqQPXkqd',NULL),(104580,0,'GLFgjiufcapdd9TUMMdagMCvj3t9psvHSW',NULL),(104710,0,'GQH682XAGmNJrTMXuFjpZ36CXAJudjw3NU',NULL),(105562,0,'GUcAxiSYdnNt2Afs472J2cVLRVvdoxM2YS',NULL),(105644,0,'GSzLTuMLrmKEErbBzSRkFt4fCUatr6kdpb',NULL),(105823,0,'GNYKNEsWLnCuDhZh2BbdgCN4b3efzYmdJY',NULL),(106199,0,'GPzviRi7XyNoRTzd2rZSqtB3NWHqQZCrpZ',NULL),(106350,0,'GQtZxhqBY4Cck7aR8rBjL786SWVSUKkNZt',NULL),(108194,0,'GdHn4nAyBUTNpszMLw5oT6ZjJUVuwpT68i',NULL),(108230,0,'GWYyRhzqfCek6dJNYbYajfrUkSujPbs7ta',NULL),(108442,0,'GQd4YYREUt1yTsDaNxMsUc37bZ9dqSft1z',NULL),(113165,0,'GNjRTXxWHwmcDRtiGEye514zkdZ1VsFBaz',NULL),(115957,0,'GQ6Rtq29qBjWQbAD1G9SuFpGvEN53G8928',NULL),(116225,0,'GYbHaRyjcSVP3xUhFcqBoPR3FakNBgq3Ve',NULL),(117488,0,'GSsDmDyxBPNvo8C7Tx6GDGeyLewarnhmRe',NULL),(117743,0,'GXkQMQkCpA86JVGZxgS6FTZAFz9RhYfMAZ',NULL),(120178,0,'Ggo8vegZuCp3bZpNV7q9MdKkiQibGDBSen',NULL),(120902,0,'Gf4cYHTHdwgzSiyKbm2hxksRg2qrkopuJw',NULL),(122313,0,'GQHUV9t7V7fuHy4vCWM8s5jVie4kK8vc7x',NULL),(123707,0,'GJ1J1y2ejVdQ7s6786wkjTusEV5PoCB8QD',NULL),(123858,0,'GVURW3GteJx4rYR9337fKeSC38RaAXaPng',NULL),(124276,0,'GXpVgVviUCjq5vYBCaX7XGeVwiaPFbRGNP',NULL),(124614,0,'GfsvcT2mXGy9uRfAFAwmzkP1xgAMWzx5wu',NULL),(125435,0,'GLT6osCcd5VFJHpFPvkmBkRBDytkHXynij',NULL),(125711,0,'GYzN1xSTSZrreG8h2V6WvVscdgWTTAriae',NULL),(127420,0,'GMUvzXUGXd8JmhihQq4pATHgm4sRTytVNg',NULL),(128207,0,'GHrne9haz3LYCLq8a3QFhneRH3yJFMJcbc',NULL),(128228,0,'GgBGyC9FCYUzkz4BVbrRwfhnUvP1YQQzPB',NULL),(128902,0,'GUZEV1iBcnoHAiMyJnguWjs5AdWBoMD67B',NULL),(129057,0,'GPCBcEDCb9Rt6Pow59e79zrHjMebJ3e1c6',NULL),(131513,0,'GJnPiUBWGyBVrUMXHakKFwc3wgosCL4oi1',NULL),(132455,0,'GczrDRdtdxJXkdmLj7a8C6z4FuT92V3Cx3',NULL),(132925,0,'GYWsgBnhX34BdixpTew1JAeEfnfGSVqZ5H',NULL),(133063,0,'GPEXC86pSiSVvBFrPak8Bb6KKYJyuqEZua',NULL),(134217,0,'GWvQjX4EPxzUJ7vD5zojPPHakj4fjzy2ai',NULL),(136514,0,'GMQGXNPYadQ6WaeQxFZNNPEDfDkf5p11mz',NULL),(137047,0,'GSvaM3h4nsTQCPYkQ5uZFfRqrZk6pypf88',NULL),(139506,0,'GezNt6QoH59XzrZmnphRS732K7WekkVxKj',NULL),(139779,0,'GQEprPJ4n5seqoicuh5XpXt2nbfX93vvTq',NULL),(139933,0,'Gg32TB1wCnERNk7T8wZn8Dek1UzbtCUjFV',NULL),(139966,0,'GKG3M8BYm1oAsDLmUaq57NhJMLc6rfTcrw',NULL),(141405,0,'GdHVMFanjBZJJ7A8nRazzDFF9FkxLm3esg',NULL),(141591,0,'GVRaM8WZJxjWkSu911493bpwrH21NzEfss',NULL),(143039,0,'GNEh7E9f8XsXFy2v5rCqq1vdyjvLdtW1Fv',NULL),(143574,0,'GRXRcs4rCrmC3x4LQn8i5BK7iFGwYcYfi8',NULL),(144922,0,'GKdWNETsk7Z9enBpC5PShgH99DxpvizS51',NULL),(145255,0,'GbyPDrgVnCJL4G569crhD19Kec4MmqKGfZ',NULL),(147057,0,'GcaN1UnvbBq33FWYusNQqU7Bh3rbHU8UiC',NULL),(148457,0,'GKHMfx1zcM5dNhhLHcEewHnAsCkZhvZoRa',NULL),(148653,0,'GSWg2STH5zPz6GD4NReyiWHkv3B6wLVgcq',NULL),(148987,0,'GRACEfuLPTfN3KtbT9n7YwWjDuhaJSPir5',NULL),(149911,0,'GVx8HPHPpv1rabvtN6kEjJrkqJXaFcFDwC',NULL),(151180,0,'GRHTSUo6TFXzBvH61HZvuo4tDJAf1v7C6F',NULL),(151828,0,'GQ9Q7QFshh52QM7tMQAN2oNHX18YfpqN5e',NULL),(152210,0,'GMdBkEJk5oTrPA8Z4RJF9Air6PaHyCot4N',NULL),(152607,0,'GLm1rG4GcwNyupzGGJ6ELv9pZwF4EjqkvU',NULL),(155038,0,'GVs81UtrsNfh2fRAUwZgrULJoNSqfUuPZi',NULL),(155089,0,'GUVm1uvzc4gK63LKjvhoiDL6voMh8T6BJs',NULL),(155112,0,'GchFVA2QVHAXgR9dpoN6Vfdzox4FLQ2ZVt',NULL),(156445,0,'GYn1sHzRBPT7aZCzwBDZ5p65bKbFiRtyi9',NULL),(159332,0,'GbwUo9s1p5oZgBAMHXGfW7Dde3iWjXtC5c',NULL),(170604,0,'GXPAzj6Wkfm2we8Px7iqspwawmTA6fhuDM',NULL),(174104,0,'GWiDHtx8x7ES5BACG3BmSqJQBPovm64kv3',NULL),(174319,0,'GbT7rB5WA5qSWrmZLj43JQyqniKxw7JXXP',NULL),(174453,0,'GX7SopZEdA39hpj1Qs1hihkpEgErvqUrYT',NULL),(178825,0,'Gaty4FQ3tWi6LH8JFzF1mALxgpRzTiHGiy',NULL),(181663,0,'GShYgwZ1eEB6gWoRjCwB7bXPq8Kk3ryLSA',NULL),(182130,0,'GLASXJuB56Ne2FXhUFzXzuwRJBR2dKf6Eq',NULL),(182934,0,'GQ6voqcKKXnCg5Uy9ZvCw2bLWQieR74pyM',NULL),(183752,0,'GNTsgDMz6T8yaUPaYTZ5Ksu3jf2mEq1HfM',NULL),(185753,0,'GbJUPTRb75fphAHG9pKhntF91LHS86ymbT',NULL),(185910,0,'Gcxz7HCMe4RsfDvDjMKnrzbN2NJzzMGUCp',NULL),(185930,0,'GQkN7SPQqGjhJ6CGPQX4cgr7oLjAb8ks8p',NULL),(188532,0,'GM8aKrT79iBBpYdycRswHnLj8eT4TGXiig',NULL),(190039,0,'GRHdPYCBM9rqSyZmCCQVWjc7xzkDnqZc4r',NULL),(192454,0,'GXujjCM9FNQ63cifh1d4XqKSbCFeR7WcQm',NULL),(195384,0,'Gcvq1n1UUx1BU6L8jb4VrJAo4iLGqmdrA6',NULL),(195698,0,'GQiyUsD6mfdMECKLgenyFkeCTNk3dBVjC9',NULL),(202684,0,'GUyb1VWVdjoCKJKGT5e6SRfayV2znxj9GS',NULL),(202798,0,'GY12haWCnpK9SNW2Tw5niuVcR3Q2r5BcAH',NULL),(214688,0,'GM3exmsHEtvFCQ4i1T3QySkm2zjbhEB5ah',NULL),(217213,0,'GZuA7piciVtsVXVb27aFXtHW7jCewAZiLK',NULL),(217918,0,'GdqQMfX9aBzjFViwE9cCNVJkR5K6erpy6r',NULL),(221831,0,'GUKFBU1i7e13PBiAsHBXW4RJLVrSm2iDGZ',NULL),(222731,0,'GUYcV2NtCUeUNQgAWrtL9g7wg2bnUPhEmg',NULL),(224409,0,'GXakBZ2gZc5ARiFKuZcHAkoFKYWL3xjZeD',NULL),(225145,0,'GZCicrqLUmU8YZd7HU6iFhtBRfYKDDHkAs',NULL),(229485,0,'Gcij9LjALLcVDZCoHyeaCZxYZQV3PsoWa4',NULL),(230963,0,'GRLcbReADL6hZzHY1mLTNx8XxcbGJTgawK',NULL),(231807,0,'Gd4XMbgtcGfToZZRyCKNyLkSqLMtzgmDGT',NULL),(234118,0,'GUCubh5hsSwsxbYaBiNK5qDwFPQftPxwAy',NULL),(235109,0,'GWFeWTrWsGmVrgYZqqbtnyF5wCDHpW6fRQ',NULL),(241635,0,'GW5AkkMdEJxrh8CcndR8P23sWFD1Xd5L9o',NULL),(242679,0,'GPCndweazkaXgRNMxGcRy9hZzfzzQaKNo5',NULL),(252420,0,'GdDxuhqksNojsdDVkfhddqtyzFx2XxCMZ8',NULL),(265236,0,'GetGRLCijsteLq3ZYHsZB7Gj4pCp4Ehuhi',NULL),(270583,0,'GdUDSwmSTYao7iP3C5bTsk6FivAxcs2GT3',NULL),(272108,0,'GVvkQ84VJNFAN5tNDE58ELpwrSZKDkCsbm',NULL),(273407,0,'GZmjZBLNpqE5jZbTnNBgWz5MDxLbr2GgWN',NULL),(283008,0,'GWxHn2cTMMAM6VahZxZxvNwMAHrqSNoXWb',NULL),(285257,0,'GXmqRgaUb3sfaMNYMVAkphMMxpWss5nd3A',NULL),(286083,0,'Gg2hga5bRdBENDwGcNKvPviRB9Q4P4uo1y',NULL),(286880,0,'Gfzjfs8bEjvrhdmYWvZAjYdvvvspwivkMa',NULL),(289974,0,'GLeJXabjmcgHr7V7zhBKvsszr8gUm2HidZ',NULL),(290728,0,'GYBBvzyJSMKEmy4C6dJ1kuQHeGavPvGS2M',NULL),(295515,0,'Gbutts9gYdBhvtcoeFhUKiCNEqE1AJBNBu',NULL),(300153,0,'GLwH2ZRBxeGXcuoohCAe7Uv2ph7fLfKodS',NULL),(305425,0,'Gck8EssNtAMK8k9xFD9jQZbH17KnUzDy75',NULL),(306165,0,'GSEFay1mK7m5983BDZ2oug7FYW7LFwN8fR',NULL),(306716,0,'Gcf12AX7H1aioFDtF99DqgB98QajkHh145',NULL),(307634,0,'GgbfcKYQcKeaEUzzBUvjLETUGfMNaRakob',NULL),(307738,0,'GcJnSpv4s9V8jPZ4Ee25wHsm6AhnGncg2o',NULL),(307876,0,'GLs1z4r6k2t5aegmRoVXVqM8SioqAtmSBe',NULL),(308213,0,'GfzDUDTQ2AAyCQzmVcuwRtdePsLsMmd2he',NULL),(309459,0,'GdX4YabMkxfg2Z6X1cyqWoCMm1Z51K7SMA',NULL),(309656,0,'GJGBWNvw92pvhjLhwifUEroewqqXe2qFj1',NULL),(313631,0,'Gg8i5QNtZ4xDozgeFYR4o17iP5eW7GTqfK',NULL),(317584,0,'GTtsGPyBQQdv7tDPfbbzAQvAwTMMFoWekC',NULL),(319394,0,'GTVUzSB5SwZUMgfqBz8SFzAXJJ4FNyHjGs',NULL),(319715,0,'GLjJXPRXrJhmLmbpVYe32dzT1GrNvggex3',NULL),(320342,0,'GTp7gDv8efq148eRN95KWBPoSvR5VaAxfj',NULL),(320727,0,'Gf3huYbSozzcbzcRQb2pXwUfE4bwdNz7Co',NULL),(320751,0,'GSAS3NsuBadCPvcxAwC9CdTMEEVwLjjjhS',NULL),(322627,0,'GbmmUi2dyvytM2r1PftkpJEWH6oaySaN3e',NULL),(325307,0,'GPyHfoPRD2Dw8YPVvgoxq216Hd5NbPCc8L',NULL),(334822,0,'Ggh7M4JAmte7BAB2ZK68eEg9D9qCniCm6A',NULL),(336103,0,'GLaW4hxvFMMmBe9vUNLejMCvejQ4ey5dTF',NULL),(337776,0,'GT1CnTGc1CD9N5X2fPAgMebHUAuRQcwnjk',NULL),(339488,0,'Gdw1iwmWVYNrDJuxQK4kMLnwhBDCjLHrjX',NULL),(347977,0,'GcHm5M3UCEnrT97wYD9VLNjcPqqafvCvHH',NULL),(349500,0,'GPdSSE7AvW6uZHKB23kERBjXoT5mHs4rsy',NULL),(353999,0,'GcMc6h14QDdjY244cJzMULRj5ZfBT4hMGE',NULL),(357280,0,'GNK3r7HFKgN5DxTyuaBn4pQijLQiTgrw8y',NULL),(357990,0,'GKQKESAnkcFvV9Xk6neU7Uc18D51MBhW13',NULL),(360709,0,'GLMGt2QbXX1J5U6YkZVyM6tvCwSRSAg1Nh',NULL),(361741,0,'GTVHqHqPcyBXLPTrGxs6fhsbEZAKqTGoiS',NULL),(370721,0,'GSw2JAsCiz2H5KcSVWrnXqWTVoFyY6j9Ys',NULL),(375915,0,'GRLcMiNee8b1dgfpm4VZ1o134bZSRwsBUQ',NULL),(386365,0,'Gd3PSyhWJ2Em7UriQXbt4PnPNf4z2aiu8d',NULL),(391395,0,'GZNWWybKt5wGhAr1HxmTT5VsqsWHv53jLN',NULL),(393430,0,'Gc97DXuZNGmC2SjdpYySYQzUmmYnKqp2FK',NULL),(393713,0,'GZ6HgCK2zJTzzUKGEoSoM12SCHzR7mREAc',NULL),(395283,0,'GfVx5kuzJ6ZrxvWLZqx16euJNAEADdFZXr',NULL),(396965,0,'GNThqs3bh1gpVHxQyNFEQeiHgGZXhwHeyr',NULL),(397930,0,'GgHFJGzT3bvVaGaQ5tJ1BnrsxHweSkuv3H',NULL),(397978,0,'GZcwpdD5p5Jx4d9Qh8R3HKK1UsJ9Fx5eeN',NULL),(406460,0,'GfVdxa4y35mP24vQxamSwFp6wovotQ4SFM',NULL),(406770,0,'GbrB1ZzuuXzo5NVaspTbq9EAnKhWqXmKgr',NULL),(407296,0,'GVDi7DSGdib5z33uL8HZZZLsdLdQK49qMY',NULL),(409139,0,'GYuERpRw32LQt8LsAKJTzRnkN9naJS3Vko',NULL),(414864,0,'Gb1QeE8YjrqxuAxFN6XCcLTRvJFiqg6D7u',NULL),(420631,0,'GVNo6vw4t7QH7ci9PcUmgseSosSVJ9RnXD',NULL),(423820,0,'GYgm7CpKTkUMX6QdpR4RsTPkzVdbeYeaaQ',NULL),(424289,0,'GNXEGdFL33Eib9sZMSg3nzydqajbdJQ2nV',NULL),(425599,0,'GRJEswZrtoHoivxMv3o3djMeQiRcG53CYr',NULL),(427141,0,'GZ8DfLYJME2Lf5FymrGLFVVdQSBU78WWXJ',NULL),(431034,0,'GXNHAMGfimMmD5Gquh9PKCYBr8ph4FXAcR',NULL),(445247,0,'GKpt3QwjcNwQWZP9Ck9MNHMjitwDXVyUJf',NULL),(448144,0,'GL1A1WiwJAk78DFEKC8vmayKiykJQi6wuW',NULL),(461177,0,'GJ7fZ55qcVwhNrak1W6LhYLDKzowVkmf3J',NULL),(472881,0,'GHtPkTXWAH15tE98jbFFDYWmnmmvnN5ktU',NULL),(475252,0,'Ggstwcimozg7qCGLU7t5N2qf8PDs6mbTKr',NULL),(476783,0,'GeZBsZchVupkswgCJuMZgocqwaCBpGKYNs',NULL),(483916,0,'GcwedX1WjpdUQbjy2PYusd63uFf1HXvqME',NULL),(492429,0,'GJEnex46PBdroPhyJMMAhSUVCxjjLRKGmJ',NULL),(494595,0,'GVnVNpaGqnzDeH1YrQZ5YonWGixkaVQWMU',NULL),(509132,0,'GXV7k6UuCYdvkJNgRVtWUCBvKUKRe5mk8x',NULL),(511181,0,'GQEk7SKnHQwqiFVCNrfMnKVbcKpm8usTgR',NULL),(514305,0,'GZuS6SSjoNvhA3NTddkAs4EXWNMh8atEie',NULL),(517779,0,'GaDWxxSciKDJZgQe1Pp8LtGQpaeETneJix',NULL),(518511,0,'Gf1DsyTJpx7qBekcuWvQgUZd3LU7Bk3z41',NULL),(522118,0,'GWYoEXsjkm89Qutg7r8GPeaQ2AgVyLMJnz',NULL),(522732,0,'GdMYrHh3M9ZN3GHpAxZqYNnubsmbPVerwy',NULL),(524937,0,'GYGFrEgwrLB3m8CKEy7LC7XoySvPqUCVRi',NULL),(529531,0,'GPczMon8q8E5RfLL7YijryJVup1QEFcz2L',NULL),(529959,0,'GabtS6V31Qchb8iUZBh6rK73Aqy4jCtHz7',NULL),(550656,0,'GTKhUAMPuoQAuS5cWgzuG1MhcrpopYyHfr',NULL),(555684,0,'GNMnf3yDtbFM1TAkezocKhmRZeJcYMtrRn',NULL),(557030,0,'GNczfs7kroTGej1L2PbERg8uqKzvm1o91s',NULL),(559863,0,'GSB116y41VqfAWSg6nuoKcDcRu1DN3ARWi',NULL),(561607,0,'GV9Y6Phtg61NqgYVXSZPiBh3oEDZktv1pK',NULL),(562642,0,'GVnvJZQVSinhZwUV3M5Ekii5MRGP6PZocG',NULL),(563033,0,'GYJF1bv9zz5VkmjaHwX1yRj7JuCS5mjo2B',NULL),(563046,0,'GcZ7twsNqkrjCPKCQKV5uZQ2DASLHJNttd',NULL),(563074,0,'GPEWR3NBjsxmXaxAoSN3j4STBhhebYwXVL',NULL),(563581,0,'GY33XqmXmaYQKkiiRHY65PBbPYLAycYL2h',NULL),(563587,0,'GK91ChnjUNB2txw2DhFuvHrGdc1nce9rAU',NULL),(564390,0,'GYRo3KpBtLzgGkHWDQhDXK7vJ5HXeUngEh',NULL),(565311,0,'GcAHWWr7G45sDYtawn4FwZMkXQ4MFzFaci',NULL),(565328,0,'GPxRNU4wja6zzCdFhQypqPawD1SMgUiVCL',NULL),(565574,0,'GgnzsVYyaLua1eK5bJENyb16eFZ739fTbR',NULL),(567289,0,'GVxxV1MMNHwBVdSzVKryVsfzFFQnpivRo9',NULL),(573116,0,'GK14SXnJL1d6Pt8QWVQqPMvaijNEAPgDkp',NULL),(597020,0,'GQDdcJUpU1bn1eENZyAm8Jh1jodbixFiCa',NULL),(599088,0,'GZPkyiLHvNDPFETcjyuvwcZLNFfTRAqxBn',NULL),(601210,0,'GWXs1ASjxzpgQu2iUbe7wN5AC3ZvvHeSg8',NULL),(601615,0,'Gf8ZeRFhN2q27EhZxafM72yZGD28GZdWaW',NULL),(603345,0,'GY16MYTqEa6zfisFX9sGmMtnBrNrdd3w47',NULL),(609065,0,'GVtZSWnMS4niYvcoJxjduran6mAs7zVfTa',NULL),(611966,0,'GWYRqXsi48XhjYDLV9tWano7Sup6nWZ6bF',NULL),(612199,0,'GbGiBWVCkKkHrMqjJug2qkvMzoPpFeyeD8',NULL),(618374,0,'Gg4HfCZt1NR4Gy3ra7t1k1yHkMWURXCGgh',NULL),(619909,0,'GedZ7MDhFycEzHNReAdqwXDQACVxyZ7952',NULL),(631272,0,'GRLCUzc5hvRQycXZt4NikTfSCY5DWzrSb2',NULL),(642008,0,'GSsynpQhjnBZzdrWJqaRWNnJcFLyM3Kg5k',NULL),(642729,0,'GNSm2APNd4i7BzDXZqVmPuGkW3Es36Ltro',NULL),(645712,0,'Gdv6RYyKcYpRBT2qsRfgXdi8wSvaTWom8N',NULL),(662171,0,'GbA4SEqVs3VedC6Gon9ahGEEaa8dceMKUQ',NULL),(672651,0,'GcBt7GZCHYmFuP4uV8p3JtoMGsC9XDKwKv',NULL),(711845,0,'GUPjFiwq6yA3RJYAnjwyk38M7drws2YDwQ',NULL),(713137,0,'GPFr2sUoe6RXPwjtubDZdC96x5uaR16hhL',NULL),(973985,0,'GX2iBjhesXRnXBDXBj4nQKTW5p8AfsYNFd',NULL),(979966,0,'GQ1CJmjro6GruaGNcbJf9qMg1wfvTP7wwe',NULL),(1005719,0,'GMhbVw823NfSkv4R5YvqRiEpytN7YyHq8g',NULL),(1037645,0,'GKyLkJ1HidK8xc6EtaPcAJQCc2MR3dRfvC',NULL),(1039840,0,'GZ2eKE4EUeuZxdwxX2MkzYi5uy4Yq7qF7z',NULL),(1050181,0,'Ga1bXqtPF6te4mpKTVcUwbmi4rRsM9Ns3o',NULL),(1052234,0,'GPBh3HwbDH4N6Fw1ub8e5rAWYP4eEbrH6w',NULL),(1052337,0,'GRL6Fnjp4ixUzrwoxvoeuanqGvtgj3kwfF',NULL),(1053058,0,'GWZsBRC78Ksamf6kqamPL5H51dMRHKCLVE',NULL),(1055035,0,'GZBCLAC3dWtQ5K9Q24TUcknzTbrgfmtFWU',NULL),(1057087,0,'GRTiV8no9zyRP6hVF7HqBuY5MaRunsVmnE',NULL),(1057304,0,'GfLe8xRXQugor5LQX2sMUCTqNGwVqd1Mmk',NULL),(1057412,0,'GJNNVNPG1weh4kQAL5svUFrEAizWSrTBvN',NULL),(1066436,0,'GbHcrDxDKdDEYdyPbd596ZJ7W37mnhiaAX',NULL),(1113146,0,'GKFCCEBo1ZKdyDFDkx6JW2Rea1wgzmj7UA',NULL),(1117422,0,'GNGS5ivnuJd12oTGMWBJtwNUFzqX3a6Nce',NULL),(1132592,0,'GVJfXjEED8CB3Wu8JKj17tvou4ZZutNNY9',NULL),(1132851,0,'GZTdXgd692Ugv9sN6v1WSB5nrhjR9VTfCp',NULL),(1134858,0,'GXRqTg7UVpCPGvRFCjWjugjv7hMoDd6TW1',NULL),(1141560,0,'GQ4oXXWgbjkt3oj5rT3M7wqd9aoXmGeMQS',NULL),(1153296,0,'GZ9LxuSjtAbuz9LQs4ejWw8QTEKWzUktac',NULL),(1167313,0,'Gckb38FZsG1GPh41Nw4ZEdJZaGD75GKSv8',NULL),(1193052,0,'GZGjRzie5oXcQFmAgxACAzqFC58pqbxBs3',NULL),(1233185,0,'GgknPXHvS85LThjdpgtPNqkbhw6ZvyLEHG',NULL),(1238646,0,'GMmnYzq9EkmXQby93n8t79wY9fyhvSXUat',NULL),(1241748,0,'GQwDRaNoKT19HiJoBwEHE5CsnZfwqeSYiA',NULL),(1247645,0,'GTdettycS5136ipKHJuuwBW3y5A42oDfLD',NULL),(1248273,0,'GRkhCA28RKYUEjwqXxyL9pe4uAWEjUNv1s',NULL),(1272371,0,'GJbu9sFFrXeDZAU2qtRiQrEDTEUdA93h1h',NULL),(1274769,0,'GgebF3Payza66pcaGujK7UGr8LoyoJkiZr',NULL),(1283152,0,'GQN4JWTnjuT9SVzdorYDuJ1Jv1T7uyddnj',NULL),(1309111,0,'GMgNZW1r9W5XH5aAxQiow4QV9tWfjPmt4w',NULL),(1310655,0,'GWUzyNXMf89KAD4ELuFhs2zNeddFk4Mi7v',NULL),(1323312,0,'GbHrCLLGWQC2JTTBurXSAPpfo3DVcyE4sU',NULL),(1329058,0,'MN8YfZTJHUtsZJzs1XtcyfzU38kAFN1qZM',NULL),(1329188,0,'GNdVYe3TxFP2L6xyoj6AVtEqezmYK28tKt',NULL),(1339647,0,'GZ54Mw2WvftUgZeHG8Jpm62KTbgsJL1qdn',NULL);
/*!40000 ALTER TABLE `address` ENABLE KEYS */;
UNLOCK TABLES;
/*!40103 SET TIME_ZONE=@OLD_TIME_ZONE */;

/*!40101 SET SQL_MODE=@OLD_SQL_MODE */;
/*!40014 SET FOREIGN_KEY_CHECKS=@OLD_FOREIGN_KEY_CHECKS */;
/*!40014 SET UNIQUE_CHECKS=@OLD_UNIQUE_CHECKS */;
/*!40101 SET CHARACTER_SET_CLIENT=@OLD_CHARACTER_SET_CLIENT */;
/*!40101 SET CHARACTER_SET_RESULTS=@OLD_CHARACTER_SET_RESULTS */;
/*!40101 SET COLLATION_CONNECTION=@OLD_COLLATION_CONNECTION */;
/*!40111 SET SQL_NOTES=@OLD_SQL_NOTES */;

-- Dump completed on 2018-08-20 22:02:08
