-- MySQL dump 10.16  Distrib 10.1.34-MariaDB, for Linux (x86_64)
--
-- Host: localhost    Database: tux
-- ------------------------------------------------------
-- Server version	10.1.34-MariaDB

/*!40101 SET @OLD_CHARACTER_SET_CLIENT=@@CHARACTER_SET_CLIENT */;
/*!40101 SET @OLD_CHARACTER_SET_RESULTS=@@CHARACTER_SET_RESULTS */;
/*!40101 SET @OLD_COLLATION_CONNECTION=@@COLLATION_CONNECTION */;
/*!40101 SET NAMES utf8 */;
/*!40103 SET @OLD_TIME_ZONE=@@TIME_ZONE */;
/*!40103 SET TIME_ZONE='+00:00' */;
/*!40014 SET @OLD_UNIQUE_CHECKS=@@UNIQUE_CHECKS, UNIQUE_CHECKS=0 */;
/*!40014 SET @OLD_FOREIGN_KEY_CHECKS=@@FOREIGN_KEY_CHECKS, FOREIGN_KEY_CHECKS=0 */;
/*!40101 SET @OLD_SQL_MODE=@@SQL_MODE, SQL_MODE='NO_AUTO_VALUE_ON_ZERO' */;
/*!40111 SET @OLD_SQL_NOTES=@@SQL_NOTES, SQL_NOTES=0 */;

--
-- Table structure for table `pool`
--

DROP TABLE IF EXISTS `pool`;
/*!40101 SET @saved_cs_client     = @@character_set_client */;
/*!40101 SET character_set_client = utf8 */;
CREATE TABLE `pool` (
  `id` int(11) NOT NULL AUTO_INCREMENT,
  `group` int(11) DEFAULT NULL,
  `name` varchar(64) NOT NULL,
  `solo` tinyint(4) NOT NULL DEFAULT '0',
  `website` varchar(64) DEFAULT NULL,
  `graphcolor` char(6) DEFAULT NULL,
  PRIMARY KEY (`id`),
  UNIQUE KEY `name_UNIQUE` (`name`),
  KEY `fk_pool_group_idx` (`group`),
  CONSTRAINT `fk_pool_group` FOREIGN KEY (`group`) REFERENCES `poolgroup` (`id`) ON DELETE NO ACTION ON UPDATE NO ACTION
) ENGINE=InnoDB AUTO_INCREMENT=270 DEFAULT CHARSET=utf8;
/*!40101 SET character_set_client = @saved_cs_client */;

--
-- Dumping data for table `pool`
--

LOCK TABLES `pool` WRITE;
/*!40000 ALTER TABLE `pool` DISABLE KEYS */;
INSERT INTO `pool` VALUES (1,NULL,'TEW5LeA9uUgfTGTqGXf1o9kuhP8rUnqm5B (Unkown Pool)',0,NULL,NULL),(2,NULL,'TNQsEpJNVbEMsJu1jDsTb5yLVcT6yrcPdm (Unkown Pool)',0,NULL,NULL),(3,NULL,'TDJPNDFpTwVhofKBA8ZiuWtmcUi59yBwdT (Unkown Pool)',0,NULL,NULL),(4,NULL,'TWMEVMS7jnmn4ijAyraPVwyRqsBA3Jmz9y (Unkown Pool)',0,NULL,NULL),(5,NULL,'TJRVyjHNo5nKU3pNuZakrFou8PaEA5j2Lx (Unkown Pool)',0,NULL,NULL),(6,NULL,'TJSbrkmzeiWVXJsTzcoxBrXPH1D93UAx2h (Unkown Pool)',0,NULL,NULL),(7,NULL,'TE2kARbJQrqPG8GfdihzNUYgXxeEg21982 (Unkown Pool)',0,NULL,NULL),(8,NULL,'TWvWYgZCtrF5B3CFXpJKCLprPsLFjeUEfx (Unkown Pool)',0,NULL,NULL),(9,NULL,'TKCiHHUzBscX1a9ZrgxNRq7cH6EjCw6Xx8 (Unkown Pool)',0,NULL,NULL),(10,NULL,'TBtDWKV1bsreZsGBm2nwXDqU3H84w977e4 (Unkown Pool)',0,NULL,NULL),(11,NULL,'TXbrHCf5398UnoUy2CQg5EFJH6PM7N6UWY (Unkown Pool)',0,NULL,NULL),(12,NULL,'TGhS96hn8LiZuc8sdBAVo2gZWGK96nFzNJ (Unkown Pool)',0,NULL,NULL),(13,NULL,'TFSvgbbPYFAvAWmrBqCntxAo5U9ByTgBSW (Unkown Pool)',0,NULL,NULL),(14,NULL,'TGjNEUgngpeHHBybTnicMUfgbWegMRwA9i (Unkown Pool)',0,NULL,NULL),(15,NULL,'TEgvDTYdE6idQ4HYUXw3Jo7ev3bFmhJHuU (Unkown Pool)',0,NULL,NULL),(16,NULL,'TNjGzViYGWDq6zEEBgk3XCYkzAe4X73sGH (Unkown Pool)',0,NULL,NULL),(17,NULL,'TRPLFp3xDZ7Y8tcXnhM7etQqbiz5qw4pFc (Unkown Pool)',0,NULL,NULL),(18,NULL,'TLnbscwBsyqvBXHVFTMGE2piC8QabWU5u9 (Unkown Pool)',0,NULL,NULL),(19,NULL,'TMJgdYn1mcCXKyMmTjgA6FaCpcBPjv3Zh6 (Unkown Pool)',0,NULL,NULL),(20,NULL,'TFKwHCayn89MsGdRXjuDTaMRw3BaTBBRdo (Unkown Pool)',0,NULL,NULL),(21,NULL,'TPHGzPUZMvSXnPfrphaWnCgUD4sSh3wd8g (Unkown Pool)',0,NULL,NULL),(22,NULL,'TG1BU3BgQJZqa6rjNGzHXZZapnhWpLZ2ik (Unkown Pool)',0,NULL,NULL),(23,NULL,'TQcY7aef73kTbLXUn6uCP6d7GJQWoyez1n (Unkown Pool)',0,NULL,NULL),(24,NULL,'TJ3P7VDtuGqzrJDvF4rT4UgeY89HV8AcSk (Unkown Pool)',0,NULL,NULL),(25,NULL,'TAiKANFjVLXZxusieuCSwXBKackn57xeB3 (Unkown Pool)',0,NULL,NULL),(26,NULL,'TXQvP1GQgEik35WVWPGuvaw2VDvqTQHdym (Unkown Pool)',0,NULL,NULL),(27,NULL,'TEz3UpkHSSBPVUGjf7mSJVZoeC8WZDk62u (Unkown Pool)',0,NULL,NULL),(28,NULL,'TRH6WwafdSknuWhygFmBSeNtppdn6b3eyF (Unkown Pool)',0,NULL,NULL),(29,NULL,'TRX662VkEYe841ggBf14H4mYLNbSgjns5X (Unkown Pool)',0,NULL,NULL),(30,NULL,'TYa6MfFoizZ8pAvwBLL7FNEkV8XkkhPVyH (Unkown Pool)',0,NULL,NULL),(31,NULL,'THaicBzcZJ5d7VJgB4YPnEfdAygCwgCaqA (Unkown Pool)',0,NULL,NULL),(32,NULL,'THP94QC4KeoxFRL9DWt6A6ogrohdzfpwFi (Unkown Pool)',0,NULL,NULL),(33,NULL,'TMrQL6GBhUYgbe48ch6JuoDpQpT7uknHSt (Unkown Pool)',0,NULL,NULL),(34,NULL,'TC4cq8XzHLomYCEPfv52TtFR2EJQevJDF3 (Unkown Pool)',0,NULL,NULL),(35,NULL,'TR9EVxTUyzrhYFRJRtgMgdbpAqkGfKqscA (Unkown Pool)',0,NULL,NULL),(36,NULL,'TAKJBpSEG8E8FzU4CrA9cKaEVriiZB8xgx (Unkown Pool)',0,NULL,NULL),(37,NULL,'TLz1xCi4Uk9e44C8JY54w6C1QUgXJgR6HX (Unkown Pool)',0,NULL,NULL),(38,NULL,'TPASCsqsQ7JuPpv4Gds43MLHLdMVLfwHCB (Unkown Pool)',0,NULL,NULL),(39,NULL,'TBHt7hLphrQrkPovNmN3tj8GgyqwZys9mX (Unkown Pool)',0,NULL,NULL),(40,NULL,'TEP8FXqB78kfxY159BJd58JviE38gZwvGT (Unkown Pool)',0,NULL,NULL),(41,NULL,'TCV6tiMjYL6CMFJjtAmSTv6kj5BWaDzNF7 (Unkown Pool)',0,NULL,NULL),(42,NULL,'TVXdxzExjUYYqvxWZsWQoHwMGwQD9PDSyF (Unkown Pool)',0,NULL,NULL),(43,NULL,'TXXd7NJUfSruiCudTRwjNmRUpL4ij39s14 (Unkown Pool)',0,NULL,NULL),(44,NULL,'TWwA3Y3LHKpzKiBEssJcbA9C4fJbx2bZ6T (Unkown Pool)',0,NULL,NULL),(45,NULL,'TRvJGFFsUv4pNvmcYDNwy27U3Huu6EXFeR (Unkown Pool)',0,NULL,NULL),(46,NULL,'TQ9ytZodSxEhDXuuGUaN3BDUxBLiT1Aaj1 (Unkown Pool)',0,NULL,NULL),(47,NULL,'TLRWGy8qtpAF5jE5yAMnB2ZfJ3FfDzCs44 (Unkown Pool)',0,NULL,NULL),(48,NULL,'TPkcuaTkjgWAchuaZgopCBZv1o1dBeNGqd (Unkown Pool)',0,NULL,NULL),(49,NULL,'TPfSkC99aw6EWjGLe5sXQYNvWibondradx (Unkown Pool)',0,NULL,NULL),(50,NULL,'TTc6CyyLVDHgWoTJhWyNMbCyxAwPezJSfi (Unkown Pool)',0,NULL,NULL),(51,NULL,'TTXYfhwFfnjKhpj3ecYQhRkRFycGVM6QBT (Unkown Pool)',0,NULL,NULL),(52,NULL,'TY6mPqM93v4oX6AmbaSGP7gJbKX9UZ3eCX (Unkown Pool)',0,NULL,NULL),(53,NULL,'TQwGY2yeQXi1ZPVwMbuRmq3yXq7DaPf9yU (Unkown Pool)',0,NULL,NULL),(54,NULL,'TTLRTMaLKHzpvt2YUimBMegiKj18KAfPPX (Unkown Pool)',0,NULL,NULL),(55,NULL,'TQuZ99XRxWqHftHmmgJXtMoiFeXY5iEd4g (Unkown Pool)',0,NULL,NULL),(56,NULL,'TEFXvYLo58BQ8ZGRXtLymp2PYzCA4yvaYa (Unkown Pool)',0,NULL,NULL),(57,NULL,'TRTv89RP7zsvTY8aSKr3Zj5GrX3bonu8CQ (Unkown Pool)',0,NULL,NULL),(58,NULL,'TYgzreauXQcTTmKd1ihV8mvcomzwEZtB2Y (Unkown Pool)',0,NULL,NULL),(59,NULL,'TWe5o6sahjAQUPH5cruUDzhkLBTZQuxsfD (Unkown Pool)',0,NULL,NULL),(60,NULL,'TAaqd2UXvvVFebzrpdFMD4dLFPo9jXpK4S (Unkown Pool)',0,NULL,NULL),(61,NULL,'TCamqZb8FagshfKJkRi6t3NA81Q5j69JrX (Unkown Pool)',0,NULL,NULL),(62,NULL,'TULc2tgCU73TXryZp3n3GpLptU3GDWBGj1 (Unkown Pool)',0,NULL,NULL),(63,NULL,'TBXXAdKdsNc8YHpJS6UTAYNcyyG3t4TGYk (Unkown Pool)',0,NULL,NULL),(64,NULL,'TDg7wfGqwKgm5LRRkKWM56qkMJiuBkQPiv (Unkown Pool)',0,NULL,NULL),(65,NULL,'TFQXEeECXCYVmCbokZmdLrHMsMi3g4ab8j (Unkown Pool)',0,NULL,NULL),(66,NULL,'TGFMSKe6J33zi6yGyMCgLvmDCEGE15mFKa (Unkown Pool)',0,NULL,NULL),(67,NULL,'TUZBaoWDfTNE4dxaS6Fq2wy2UGfcETopEB (Unkown Pool)',0,NULL,NULL),(68,NULL,'TS1ys5J5AFbGFGyHLnLPGAko6gkY1L95xM (Unkown Pool)',0,NULL,NULL),(69,NULL,'THdvaBafZNgnePJHrQ7ErYmqnGbANLw1KS (Unkown Pool)',0,NULL,NULL),(70,NULL,'TQis8PGeHr4cA4V6bvh1vG3Qv5GTBHMLyr (Unkown Pool)',0,NULL,NULL),(71,NULL,'TV79vRfvz2WTPNyxFvzk6Rk2FYhiHNT2da (Unkown Pool)',0,NULL,NULL),(72,NULL,'TUNbovEFj8jboi9QZLo6fX7PWLNsitF5My (Unkown Pool)',0,NULL,NULL),(73,NULL,'TScNHXf1Dz767DVYJj89EBKQw9rAosXRZa (Unkown Pool)',0,NULL,NULL),(74,NULL,'TWZArK8muNGQK15Wqj9RDaqivsJYbPwpfp (Unkown Pool)',0,NULL,NULL),(75,NULL,'TPkQMdXtUaYZE4SjZqsKGcmbGiwpsrYiyQ (Unkown Pool)',0,NULL,NULL),(76,NULL,'TEneqchpfoK5Lvz4e3dLqU6ejnBgPsUb9q (Unkown Pool)',0,NULL,NULL),(77,NULL,'TXCJTWRnkAXSG7BmGdEx7PR8hFrJTyV3Ui (Unkown Pool)',0,NULL,NULL),(78,NULL,'TGuL7AKJXEgLaPj87rPJ5KTKccfJJ2yCDo (Unkown Pool)',0,NULL,NULL),(79,NULL,'TSAqELSrkDWETCFCDwznJW646dUabLGGei (Unkown Pool)',0,NULL,NULL),(80,NULL,'THLLfE4JVyUUuDZ9djwCyqg6fPj9vGXzr4 (Unkown Pool)',0,NULL,NULL),(81,NULL,'TGQjNwpdmZrmXjoJMnYn85GAvfBUDQ7Sw7 (Unkown Pool)',0,NULL,NULL),(82,NULL,'TRYyoXj5Xzs2rRRwVEqGjcqV6UDmrWTji6 (Unkown Pool)',0,NULL,NULL),(83,NULL,'TBd6V199mk7dK38Z2FTw9mpuo14qy6AHFh (Unkown Pool)',0,NULL,NULL),(84,NULL,'TSgC63V9SiC3tNF8zhYXmdR5gfNP2qj9Jn (Unkown Pool)',0,NULL,NULL),(85,NULL,'TKECVt18hM5G7Kn8GWsAeevrSzRe2miD67 (Unkown Pool)',0,NULL,NULL),(86,NULL,'TCh8SqqtL3kP4vQW4NPverAQTrW1NmqB7T (Unkown Pool)',0,NULL,NULL),(87,NULL,'TAKzReKorxAWcxKFKqp3PR1aq2oQL9QgJt (Unkown Pool)',0,NULL,NULL),(88,NULL,'TCCRXnN4RNqHVUTtKjkV5gP4uXQFXC6mNg (Unkown Pool)',0,NULL,NULL),(89,NULL,'TX11ESUyy8tza5gGzqQ4J5XYRWFZZY8t1c (Unkown Pool)',0,NULL,NULL),(90,NULL,'TP66qXZ6WvDNcVyvCffTFiKkyN2aJCeCHM (Unkown Pool)',0,NULL,NULL),(91,NULL,'TW51BRV3ydimosb4cPn9wLwUgdVgELxXXj (Unkown Pool)',0,NULL,NULL),(92,NULL,'TRgLDJkFHByqsckBb6GToUSfHxZ5BNwEf5 (Unkown Pool)',0,NULL,NULL),(93,NULL,'TM1sCq7gxFj3dWpG5caTZ8YSXBDMRZuvmc (Unkown Pool)',0,NULL,NULL),(94,NULL,'TSwU9q12GJPB5YzAsh49qGRCYCH2odVT2K (Unkown Pool)',0,NULL,NULL),(95,NULL,'TGaG3Bd3xETKmbm8ZSHvW2WASSJm6gzSrd (Unkown Pool)',0,NULL,NULL),(96,NULL,'TQzBaF49Yj4DgdUCKfuezuzxdstwCqzfEz (Unkown Pool)',0,NULL,NULL),(97,NULL,'TQ9iVBr2Uw5LCJVL4E5yUooLqvftVmXu51 (Unkown Pool)',0,NULL,NULL),(98,NULL,'TN1UhM5iceEhiv34TmEheQ1zHJMc25tK5V (Unkown Pool)',0,NULL,NULL),(99,NULL,'TF39XJHwNX8Mfs6MBSE9aHiti4Vu6Wzbcd (Unkown Pool)',0,NULL,NULL),(100,NULL,'TWD2GmTfTgMBviP23JYEWnxuJhFjA2XgJk (Unkown Pool)',0,NULL,NULL),(101,NULL,'TXMDywiY1yruED4NcvKLXHfReDqi91SDqP (Unkown Pool)',0,NULL,NULL),(102,NULL,'TZ7V5V5XtrdG7uKSpHgkXce2GKCx5dd6Cn (Unkown Pool)',0,NULL,NULL),(103,NULL,'TGFMaBWqcUD3vW2KgLGMWW8UHuzWvv9tn5 (Unkown Pool)',0,NULL,NULL),(104,NULL,'TSqFpLkufXmwUedY7pXRhFqHyH6ij15etA (Unkown Pool)',0,NULL,NULL),(105,NULL,'TBEVkeSoNve94bNDZVZpEq2BQcFdtfc5BC (Unkown Pool)',0,NULL,NULL),(106,NULL,'TJbHj5qJzzcrs9dPUM8h6JMJ4Ycta7qrN8 (Unkown Pool)',0,NULL,NULL),(107,NULL,'TPGUreDEf4NaD3BW24G4XeqVwtKESxDwoG (Unkown Pool)',0,NULL,NULL),(108,NULL,'TAnVEoeTSjDZ9oFuWa6PGWzK5bvG662Pq8 (Unkown Pool)',0,NULL,NULL),(109,NULL,'TTJg4VRtHVWatw9J6tfJa9gdDgAi4qj9j6 (Unkown Pool)',0,NULL,NULL),(110,NULL,'TEDXFz3NwGsRxAawjJbgkEGT2TykwweVFx (Unkown Pool)',0,NULL,NULL),(111,NULL,'TLJsEeBbzPHGcLRghUTH83TZDiUZkegFC9 (Unkown Pool)',0,NULL,NULL),(112,NULL,'TC9iDE5S7wvNBd5gJemCgGZCknnNqGKSk9 (Unkown Pool)',0,NULL,NULL),(113,NULL,'TSs6mu5S9Ajev86LuPYgqGfR7Qsp6cUTTB (Unkown Pool)',0,NULL,NULL),(114,NULL,'TDZqVZbqtHZmUKArUryEwvD6PL5sPScrqi (Unkown Pool)',0,NULL,NULL),(115,NULL,'TQX1wPjZQXBhzBxNgWDJPxNAWRTM3pdcvP (Unkown Pool)',0,NULL,NULL),(116,NULL,'TVkhboL6HqwW6cmyU6Ae8c9oBe5vGQJbQ7 (Unkown Pool)',0,NULL,NULL),(117,NULL,'TYQbXTefWrXz4tzEhmuAXNWMzYyKfZTvHk (Unkown Pool)',0,NULL,NULL),(118,NULL,'TXbcP1PycLruwmcG6goCXQFRvShj3tE82y (Unkown Pool)',0,NULL,NULL),(119,NULL,'TRd8evxUqjo1gr2y9meBebASsgpEGQKh1E (Unkown Pool)',0,NULL,NULL),(120,NULL,'TGaNCwgAj7CWRAt4SCcfxnrLJdB6uMKDnU (Unkown Pool)',0,NULL,NULL),(121,NULL,'TLAdbusgyAnJo2gkuiPbpxcaUXZcYnQrzJ (Unkown Pool)',0,NULL,NULL),(122,NULL,'TRC5zCzjebNuMgWotr6b8XE9eRB1K1GzLh (Unkown Pool)',0,NULL,NULL),(123,NULL,'TGKiMojikgkhqXFMY2ohhDNdbwg6RCwqss (Unkown Pool)',0,NULL,NULL),(124,NULL,'TFZKxnEVXereiRv92XvGNe9Ju46X41bc6S (Unkown Pool)',0,NULL,NULL),(125,NULL,'TWMYFtoK15qCEM694ksoTNEndanu3A5bFz (Unkown Pool)',0,NULL,NULL),(126,NULL,'TFCkCjvzfY9BrvpRSGzNpgtpofKtFQiS6S (Unkown Pool)',0,NULL,NULL),(127,NULL,'TXqeud7R7ZoS3QQgdYLWtKhDjMPk6PmxSt (Unkown Pool)',0,NULL,NULL),(128,NULL,'TEmx12PnGMHA9yK1DosoUsJcSduX4Dy9WW (Unkown Pool)',0,NULL,NULL),(129,NULL,'TGfExDfCFYCrUpNri9emiWMZvtmYdR8tmr (Unkown Pool)',0,NULL,NULL),(130,NULL,'TYKgxbFMLAyrZipqsp31i2Fun3sniSDYHc (Unkown Pool)',0,NULL,NULL),(131,NULL,'TMw1n4dD4LGMhv4uM4JSH9ohNBXQiG9krn (Unkown Pool)',0,NULL,NULL),(132,NULL,'TGLKPbZNNPJbo31aZTVqEezYxzQfDdTRpy (Unkown Pool)',0,NULL,NULL),(133,NULL,'TRagBawMwaot9Nq4bUANvsAqDYPkgYpWsy (Unkown Pool)',0,NULL,NULL),(134,NULL,'TAt4GRnj4HY3oyxbs6SaKnYuT2jyfTodte (Unkown Pool)',0,NULL,NULL),(135,NULL,'TTQLRGzTnb8CEH7ZMU9DwUXRGsLGBNq3U5 (Unkown Pool)',0,NULL,NULL),(136,NULL,'TLPaYriGb9TraAyjysXKwsjPa7r8xTxyuj (Unkown Pool)',0,NULL,NULL),(137,NULL,'TLYjnn4Xg4U2Fe95zM5b6Wb63NXTCiSqxs (Unkown Pool)',0,NULL,NULL),(138,NULL,'TMidj3CcdbtFyNBijptCJjnqUKn3TPQeuM (Unkown Pool)',0,NULL,NULL),(139,NULL,'TCwRcTLbJTCKc7D9Jh1TpPdX6YF6BMtXGy (Unkown Pool)',0,NULL,NULL),(140,NULL,'TVMuDKEz7dirnesYfaAPhNR3mBg5jKimrj (Unkown Pool)',0,NULL,NULL),(141,NULL,'TDD8kdzXEVcZSKhR5AYu6D1PiMP9rAjWiC (Unkown Pool)',0,NULL,NULL),(142,NULL,'THj6y9NujQChWo7kAu8Y2fivkX8uw5tEQ8 (Unkown Pool)',0,NULL,NULL),(143,NULL,'TMqkmVysat6ocQmwAU7Rg5ok6ToyB3X7PT (Unkown Pool)',0,NULL,NULL),(144,NULL,'TRMjgMapcY5fndUC4v4sEyw6q7wLU2EPQG (Unkown Pool)',0,NULL,NULL),(145,NULL,'TMfG39bXRNfCgKE8icWf8FBSbPS6nvd9qY (Unkown Pool)',0,NULL,NULL),(146,NULL,'TCidwcuc2Vut9Xdm2qv7dBrKFMr2SHtuwh (Unkown Pool)',0,NULL,NULL),(147,NULL,'TWhTmEoppBDZE7Nch48E3B7onkvQXkbbCa (Unkown Pool)',0,NULL,NULL),(148,NULL,'TJR2xJFtnuxvCjAznqrzjsVsSSVqCx4ivs (Unkown Pool)',0,NULL,NULL),(149,NULL,'TMi57BiUH7F6zy71dsW4ipX867C2TEyZQo (Unkown Pool)',0,NULL,NULL),(150,NULL,'THg2DsG1ZgSBedb1v22LpovyXdLBK3Aekq (Unkown Pool)',0,NULL,NULL),(151,NULL,'TAtVPvwZjRQKPAmiX8X3wyedTtgdXNSzyj (Unkown Pool)',0,NULL,NULL),(152,NULL,'TWYwm74R8C9mJMNmYen7Rv6LKzPRY6cWYY (Unkown Pool)',0,NULL,NULL),(153,NULL,'TRV3gHo7jPApQj8etftUnfYCvx6sRFUjNZ (Unkown Pool)',0,NULL,NULL),(154,NULL,'TXpK7ESU865ydV61mHVepR3HeEjfHWYihh (Unkown Pool)',0,NULL,NULL),(155,NULL,'TKaktDC33wbkNeFGt9TWt61me5nJRjVGF5 (Unkown Pool)',0,NULL,NULL),(156,NULL,'THSUGojYeDmSF5ZR2HvRUwpGNr4j3zssnM (Unkown Pool)',0,NULL,NULL),(157,NULL,'TY7mb7aP1PNztcdGgYexgEkpyXUvUrwGRx (Unkown Pool)',0,NULL,NULL),(158,NULL,'TMtuiUCGpzvVhAL9TsBzJ1PZPVwoG8VW7z (Unkown Pool)',0,NULL,NULL),(159,NULL,'TGazspqKDgamydE7TKbEeLR6LUnDVtNQSG (Unkown Pool)',0,NULL,NULL),(160,NULL,'TLNLD3wuWQZPiY95B22EuyoNeSShRfw2ZN (Unkown Pool)',0,NULL,NULL),(161,NULL,'TXPCEkm2dERc9axfZvc63anv7xF5CoMixy (Unkown Pool)',0,NULL,NULL),(162,NULL,'TDbjok3jTN12GvnmLGm9P2HM21LmyB55SL (Unkown Pool)',0,NULL,NULL),(163,NULL,'TZDPyexPeU3KrMDeAPvfJGJuzRiNu3rtyc (Unkown Pool)',0,NULL,NULL),(164,NULL,'TV7eqrfanPz9Jno2BXyDoNTTj6M6EPxHum (Unkown Pool)',0,NULL,NULL),(165,NULL,'TUxSwwLNmnotXTe2S8VK75tz1jFN2XNYBT (Unkown Pool)',0,NULL,NULL),(166,NULL,'THJSCWshiToWR9fkj51qZeVxbKwVCAJp4S (Unkown Pool)',0,NULL,NULL),(167,NULL,'TDDRVazJLKixDBoswcbCqskiFpKELCbSTP (Unkown Pool)',0,NULL,NULL),(168,NULL,'TMd6eAPpSux9vA8yszEumbrQaEqsKV98v9 (Unkown Pool)',0,NULL,NULL),(169,NULL,'TPzVaCJqEbKjvF1h4DqmKBXPWLhHK7mhue (Unkown Pool)',0,NULL,NULL),(170,NULL,'TGww4oj5y6D3maGwtfRuJyWoZbvD9R6tuF (Unkown Pool)',0,NULL,NULL),(171,NULL,'TKg2deKesBiTtwFiwB4f6V5YY8L5eT4wYa (Unkown Pool)',0,NULL,NULL),(172,NULL,'TTiVBo9868VP8YoadypSm4MXDY4fFRzZvq (Unkown Pool)',0,NULL,NULL),(173,NULL,'TEyemRTmRcp2kumrpXXr99Mcok6cabB6ZN (Unkown Pool)',0,NULL,NULL),(174,NULL,'TYU72zKexL9Dv6MWpXAw1cX7K6fhyhXVK1 (Unkown Pool)',0,NULL,NULL),(175,NULL,'TPTCve41iqP8GvpbSHDLpqGi1UsN8uzBqr (Unkown Pool)',0,NULL,NULL),(176,NULL,'TCgeP34RMJ2WvcNQxn4UwkfVcErkuX86ai (Unkown Pool)',0,NULL,NULL),(177,NULL,'TFXh7QEy2wGqjGrLpArmauYnHhCTMBtTog (Unkown Pool)',0,NULL,NULL),(178,NULL,'TJb7L63AphRta8ADrg3WfYd25z8za2yVrL (Unkown Pool)',0,NULL,NULL),(179,NULL,'TWKfgNQGUreVftwmyaDbRZLH1HFoZJcUGn (Unkown Pool)',0,NULL,NULL),(180,NULL,'TFWkTqSU8CAtXWUiQAZt56uHdBaYUvnQf5 (Unkown Pool)',0,NULL,NULL),(181,NULL,'TEr9P9XBRqcC2rqgqS64AowKGyT3GfDNQU (Unkown Pool)',0,NULL,NULL),(182,NULL,'TCBMMNhsZB1EqqJHBk74VWbw1uYQxVKJt5 (Unkown Pool)',0,NULL,NULL),(183,NULL,'TThEVweYmcCoN183BPxcVXcmDXeLkSpdgw (Unkown Pool)',0,NULL,NULL),(184,NULL,'TGYtqB7Y5BUn2KLrBtFvD2qD3i9J3jCDXb (Unkown Pool)',0,NULL,NULL),(185,NULL,'TMddAjx1ZwQBF6eRZH9v8n5QV6zSshLLoF (Unkown Pool)',0,NULL,NULL),(186,NULL,'TV6h6ptRrW4FuGd3NHDtEN86ShhtWaYfsR (Unkown Pool)',0,NULL,NULL),(187,NULL,'TYbphBvEr4URNLwYo8YMMizedbjvQxkedL (Unkown Pool)',0,NULL,NULL),(188,NULL,'TUwSindRPgfTZfoFEqzy5HbPoGzdVuHWub (Unkown Pool)',0,NULL,NULL),(189,NULL,'TH6UjicVw1x5zQsm7bymN9jteBt2XJpGcU (Unkown Pool)',0,NULL,NULL),(190,NULL,'TTyRyaeV6HzxyM3fAok3ynk1cF8NC9XJbx (Unkown Pool)',0,NULL,NULL),(191,NULL,'TPiWGMvXX571HWTCgvqcUW33BJFZJpZVp5 (Unkown Pool)',0,NULL,NULL),(192,NULL,'TVKpy3yuxnoDaRFjPV16e8yJkzJ5c36eWB (Unkown Pool)',0,NULL,NULL),(193,NULL,'TVJM6n5J4EBhkU3pttm6YB5YrcREp7GKWY (Unkown Pool)',0,NULL,NULL),(194,NULL,'THKzxUo7PLtQVF9AY8cKgGjN5ZM1gqrTmG (Unkown Pool)',0,NULL,NULL),(195,NULL,'TUehZ5SBSmsm7CforhypLaQ9JSMXVyiNv1 (Unkown Pool)',0,NULL,NULL),(196,NULL,'TTXLmqQahHwpVHs1CVbMUWy2sASQzA47zr (Unkown Pool)',0,NULL,NULL),(197,NULL,'TLN8LQXEGUu3aeaqEpyJziwAqMoQVcCg7U (Unkown Pool)',0,NULL,NULL),(198,NULL,'TP31MSaukxqbvSmAhYBbCpbiVd25L35knM (Unkown Pool)',0,NULL,NULL),(199,NULL,'TAFjLSBpCqMxoyejnKzNr9ru9fu8j2YEcb (Unkown Pool)',0,NULL,NULL),(200,NULL,'TY9rBat83nvz7vTZJJcUbXmEXSux7tGMcu (Unkown Pool)',0,NULL,NULL),(201,NULL,'TUz79SxM7XTGLeuw6ftsLyzYJd2Txqw6qK (Unkown Pool)',0,NULL,NULL),(202,NULL,'TQRXtJz8oP3xpZzknmVVx527Tr1y6pqdrn (Unkown Pool)',0,NULL,NULL),(203,NULL,'TMHoiSWBDsxCV45uRjko6jeUfDnvcmYQ7w (Unkown Pool)',0,NULL,NULL),(204,NULL,'TFPrPpmwrpEsczQD2gRcG9wqK8dcLquLM1 (Unkown Pool)',0,NULL,NULL),(205,NULL,'TTgP8KdMZrsqRJQ4Lh8tAZwc6UjRSKUQcd (Unkown Pool)',0,NULL,NULL),(206,NULL,'TUNnT5zkvwHUGs9myDBgvZr4HMFRpHxLQ7 (Unkown Pool)',0,NULL,NULL),(207,NULL,'THJxaTM7GwNnNUXQSHqyPhZjKRHoQT3haU (Unkown Pool)',0,NULL,NULL),(208,NULL,'TSh856YQvEmGr1cgZrwYaXAKTrM6nX9dT8 (Unkown Pool)',0,NULL,NULL),(209,NULL,'TSVXd47q5Q5mJ9QvoqSu7A3h8U9WG47A5U (Unkown Pool)',0,NULL,NULL),(210,NULL,'TX9fNrzn2enSAgwy6SY22dyeq2uUVHtW25 (Unkown Pool)',0,NULL,NULL),(211,NULL,'TBjN8aG2CxtvU1LYLVTwr1hRNgz8cnsHGp (Unkown Pool)',0,NULL,NULL),(212,NULL,'TPwrunndYVu4nuQPyoy9q7K6scbbajrjP2 (Unkown Pool)',0,NULL,NULL),(213,NULL,'TFux9eoriVjrMLvHQKzPAvQSm57VXiURcS (Unkown Pool)',0,NULL,NULL),(214,NULL,'TMcCTsNfHwY13kNH2ywdNg3AjjgsUv2YYJ (Unkown Pool)',0,NULL,NULL),(215,NULL,'TTekqe5sCWEJYwseNtkRKJvq9e6m6mxwsY (Unkown Pool)',0,NULL,NULL),(216,NULL,'TKaoLJigJ2QN5i433edKwMCHkE2YfHTszL (Unkown Pool)',0,NULL,NULL),(217,NULL,'TTnA8bEesSZGF3MsXEVWMUHGgJvnCLajie (Unkown Pool)',0,NULL,NULL),(218,NULL,'TSpRV2tAHmWUGLFUJjmJc1CzsumvthFjaH (Unkown Pool)',0,NULL,NULL),(219,NULL,'TTap2tD2emij4Dcg1iMxm3iD1wSWcUHJe8 (Unkown Pool)',0,NULL,NULL),(220,NULL,'TXq53SQY1GjEqQNjJ2xi8RLfMEczTtRc1z (Unkown Pool)',0,NULL,NULL),(221,NULL,'TFeZYPtW31dA2zoY2KUmgdhgDb53cawzta (Unkown Pool)',0,NULL,NULL),(222,NULL,'TRCMCgya6VBYijMqUz7dPtGRR5K3cGtg94 (Unkown Pool)',0,NULL,NULL),(223,NULL,'TFxqwFAzCAXMnuqLhHG6kRNWMVcjzhxX3b (Unkown Pool)',0,NULL,NULL),(224,NULL,'TZ1nfrmjWZVDkBTBJWJ2cLtwMmmBYNKtY3 (Unkown Pool)',0,NULL,NULL),(225,NULL,'TUnLLQynHVCaC81MYYiHhbDhEGQgwiQKxz (Unkown Pool)',0,NULL,NULL),(226,NULL,'TUku2CtwcprggthUJQFH9BsS6WSCyNTg3W (Unkown Pool)',0,NULL,NULL),(227,NULL,'TMKs2Ej1UWc9Rx97WRScCszTgYRSzG4ENv (Unkown Pool)',0,NULL,NULL),(228,NULL,'TRLYm2DUV2Tm6cpQLeAe81ECQ7mEd5a39g (Unkown Pool)',0,NULL,NULL),(229,NULL,'TKtwh8uLfbrTnCyiywihNqLCCfC4rrjeq4 (Unkown Pool)',0,NULL,NULL),(230,NULL,'TWQm8ApsnCZSRoLdeYTDW4Kd9G6fRc9Ki9 (Unkown Pool)',0,NULL,NULL),(231,NULL,'TDWUg7P3CiGnJH5Fe3RyFgAn9HoWTqinr8 (Unkown Pool)',0,NULL,NULL),(232,NULL,'TG3ZZstLZADx8J5CAQfrzoKEkGxyrEiwah (Unkown Pool)',0,NULL,NULL),(233,NULL,'THbDCqgiR9oqXYsMeuNxGpz5pGqQwndpXC (Unkown Pool)',0,NULL,NULL),(234,NULL,'TNW3H8E6ZMf65cDg7nBWg1SLWUSe3YBBcu (Unkown Pool)',0,NULL,NULL),(235,NULL,'TUNzYFXryD57SJMqGHjcZ4P9cDqwMq7pSZ (Unkown Pool)',0,NULL,NULL),(236,NULL,'TE51qRTgx6DHe5qw6cUn9cCYwcLAtH2hno (Unkown Pool)',0,NULL,NULL),(237,NULL,'TNECFwJeZ16FM8xSmvgtWH4dudndTMZJ4Z (Unkown Pool)',0,NULL,NULL),(238,1,'TBM5oJ38MNLgbHjkyfBniC8odpm4HqEcx6 (Solo miner)',1,NULL,NULL),(239,1,'TMpWhnbQrMEGCRo4y42G12voey4R9HacFD (Solo miner)',1,NULL,NULL),(240,1,'TXU8eJFqfJf23imeFuEZXdevPbtW8J9eYR (Solo miner)',1,NULL,NULL),(241,NULL,'TBBBrMjzRs12byWC4hBGyT7MWHKrBDx1NR (Unkown Pool)',0,NULL,NULL),(242,NULL,'TTwNmrJzP7uoqZsMohwog38xuunijDQ6dN (Unkown Pool)',0,NULL,NULL),(243,NULL,'TG5gNg6bhFygmVL5fxsLCp9Be7gZw1Xb4a (Unkown Pool)',0,NULL,NULL),(244,NULL,'TB8pZUYrb9ktPx2JVN6uqSMR4nLBL3jP7t (Unkown Pool)',0,NULL,NULL),(245,NULL,'TNikCrXouP43jwu3jSbB9mZBnbBURWzGFC (Unkown Pool)',0,NULL,NULL),(246,NULL,'TSosVMrA7SJcxcr2tWoenHqJoSqzoPzngY (Unkown Pool)',0,NULL,NULL),(247,NULL,'TVzMThXKD2M5iVXN9YgSBgDwjVFQaTNsmg (Unkown Pool)',0,NULL,NULL),(248,NULL,'TBNGxzPjUkvBBA3it2qoJDhCYvVRzv1GMA (Unkown Pool)',0,NULL,NULL),(249,1,'TKsaah4Vi7wdewHbXqDkSHDwWaRxSUfsVE (Solo miner)',1,NULL,NULL),(250,NULL,'Tuxtoke',0,'http://pool.tuxtoke.life/',NULL),(251,1,'TA1K4k6WGqWCCkH37n5WkggdpGM76gZ6H4 (Solo miner)',1,NULL,NULL),(252,1,'TGqsde7Fbso12qsgNbixxg1jFwjVyRcfRC (Solo miner)',1,NULL,NULL),(253,1,'TUy8kRKdD3VPNXW3yrChEWTtPK7XE8TgXM (Solo miner)',1,NULL,NULL),(254,NULL,'Nobspool',0,'http://nobspool.rocks/',NULL),(255,1,'TUXYeetTp4N51MaMz1cgqcXiN9ymx76AQq (Solo miner)',1,NULL,NULL),(256,1,'TDsVktpjBgtGQ8WSsR6LADdK2fKxHDG4Qk (Solo miner)',1,NULL,NULL),(257,1,'TUVqM5LFr8X3DgxuLAcAi7DMC8Ed5vhQSp (Solo miner)',1,NULL,NULL),(258,NULL,'TXYt3b4bsPAek9b7zutgFr9x6ao2zE1x77 (Unkown Pool)',0,NULL,NULL),(259,1,'TCxF9cQdziGLfMHpg9Huak2R8H9DBMTQ5J (Solo miner)',1,NULL,NULL),(260,NULL,'TAEjxdoqp9Ln46MLC3uVa8ENdKiCBCcHft (Unkown Pool)',0,NULL,NULL),(261,NULL,'Power Pool',0,'http://powerpool.money/',NULL),(262,1,'TLVQYdf9K68CstH83y7uFaQ3ygKdafnfqr (Solo miner)',1,NULL,NULL),(263,NULL,'THhTzWJWhzW888edbQroxjLUgkj3HDABfh (Unkown Pool)',0,NULL,NULL),(264,NULL,'CryptoRat.pw',0,'https://cryptorat.pw/index.php',NULL),(265,NULL,'TD3riuUWkAXAMDse7WRpcxUT57z8VCe11C (Unkown Pool)',0,NULL,NULL),(266,NULL,'TAVsCFdNJixUaD89qgei5Woh4bsYyFASCs (Unkown Pool)',0,NULL,NULL),(267,NULL,'Mags Pool',0,'https://tuxpool.mikemagss.com/index.php',NULL),(268,NULL,'Icemining',0,'https://icemining.ca/',NULL),(269,NULL,'MinerMore++',0,'https://minermore.com/pool/TUX/',NULL);
/*!40000 ALTER TABLE `pool` ENABLE KEYS */;
UNLOCK TABLES;

--
-- Table structure for table `poolsignature`
--

DROP TABLE IF EXISTS `poolsignature`;
/*!40101 SET @saved_cs_client     = @@character_set_client */;
/*!40101 SET character_set_client = utf8 */;
CREATE TABLE `poolsignature` (
  `id` int(11) NOT NULL AUTO_INCREMENT,
  `signature` varchar(32) NOT NULL,
  `pool` int(11) NOT NULL,
  PRIMARY KEY (`id`),
  UNIQUE KEY `signature_UNIQUE` (`signature`),
  KEY `fk_poolsignature_pool_idx` (`pool`),
  CONSTRAINT `fk_poolsignature_pool` FOREIGN KEY (`pool`) REFERENCES `pool` (`id`) ON DELETE CASCADE
) ENGINE=InnoDB AUTO_INCREMENT=2 DEFAULT CHARSET=utf8;
/*!40101 SET character_set_client = @saved_cs_client */;

--
-- Dumping data for table `poolsignature`
--

LOCK TABLES `poolsignature` WRITE;
/*!40000 ALTER TABLE `poolsignature` DISABLE KEYS */;
INSERT INTO `poolsignature` VALUES (1,'/NobsPool.Rocks/',254);
/*!40000 ALTER TABLE `poolsignature` ENABLE KEYS */;
UNLOCK TABLES;

--
-- Table structure for table `pooladdress`
--

DROP TABLE IF EXISTS `pooladdress`;
/*!40101 SET @saved_cs_client     = @@character_set_client */;
/*!40101 SET character_set_client = utf8 */;
CREATE TABLE `pooladdress` (
  `address` int(11) NOT NULL,
  `pool` int(11) NOT NULL,
  PRIMARY KEY (`address`),
  KEY `fk_pooladdress_pool_idx` (`pool`),
  CONSTRAINT `fk_pooladdress_address` FOREIGN KEY (`address`) REFERENCES `address` (`id`) ON DELETE CASCADE,
  CONSTRAINT `fk_pooladdress_pool` FOREIGN KEY (`pool`) REFERENCES `pool` (`id`) ON DELETE CASCADE
) ENGINE=InnoDB DEFAULT CHARSET=utf8;
/*!40101 SET character_set_client = @saved_cs_client */;

--
-- Dumping data for table `pooladdress`
--

LOCK TABLES `pooladdress` WRITE;
/*!40000 ALTER TABLE `pooladdress` DISABLE KEYS */;
INSERT INTO `pooladdress` VALUES (1,1),(2,2),(3,3),(4,4),(5,5),(6,6),(7,7),(8,8),(9,9),(10,10),(11,11),(12,12),(13,13),(14,14),(15,15),(18,16),(19,17),(20,18),(21,19),(22,20),(23,21),(32,22),(33,23),(34,24),(35,25),(41,26),(43,27),(44,28),(45,29),(46,30),(47,31),(48,32),(49,33),(50,34),(51,35),(52,36),(53,37),(54,38),(55,39),(56,40),(57,41),(58,42),(59,43),(60,44),(61,45),(62,46),(63,47),(64,48),(65,49),(66,50),(67,51),(68,52),(69,53),(70,54),(71,55),(72,56),(73,57),(74,58),(75,59),(76,60),(77,61),(78,62),(79,63),(80,64),(81,65),(82,66),(83,67),(84,68),(85,69),(86,70),(87,71),(88,72),(419,73),(492,74),(544,75),(550,76),(553,77),(646,78),(649,79),(652,80),(653,81),(655,82),(656,83),(657,84),(658,85),(659,86),(660,87),(662,88),(664,89),(665,90),(666,91),(667,92),(669,93),(670,94),(673,95),(693,96),(719,97),(727,98),(775,99),(783,100),(800,101),(826,102),(903,103),(920,104),(947,105),(999,106),(1018,107),(1078,108),(1083,109),(1141,110),(1152,111),(1153,112),(1157,113),(1160,114),(1161,115),(1162,116),(1163,117),(39,118),(1169,119),(1172,120),(1181,121),(1281,122),(1296,123),(1328,124),(1488,125),(1511,126),(1526,127),(1529,128),(1538,129),(1544,130),(1572,131),(1584,132),(1592,133),(1599,134),(1608,135),(1625,136),(1631,137),(1652,138),(1661,139),(1688,140),(1725,141),(1753,142),(1755,143),(1770,144),(1795,145),(1860,146),(1869,147),(1875,148),(2067,149),(2152,150),(2155,151),(2258,152),(2316,153),(2318,154),(2364,155),(2415,156),(2419,157),(2458,158),(2477,159),(2490,160),(2502,161),(2566,162),(2570,163),(2577,164),(2769,165),(2812,166),(2818,167),(2842,168),(2849,169),(2852,170),(2853,171),(2854,172),(2855,173),(2858,174),(2859,175),(2860,176),(2864,177),(2865,178),(2866,179),(2868,180),(2871,181),(3019,182),(3020,183),(3024,184),(3026,185),(3072,186),(3285,187),(4133,188),(4275,189),(4534,190),(4839,191),(5399,192),(5501,193),(6004,194),(6090,195),(6104,196),(6862,197),(6877,198),(6905,199),(6922,200),(6923,201),(6926,202),(6927,203),(6928,204),(6929,205),(6932,206),(6934,207),(6937,208),(6943,209),(6955,210),(6956,211),(6958,212),(6959,213),(6961,214),(6965,215),(6974,216),(6978,217),(6990,218),(6991,219),(7008,220),(7018,221),(7027,222),(7028,223),(7032,224),(7037,225),(7038,226),(7044,227),(7046,228),(7047,229),(7048,230),(7052,231),(7053,232),(7054,233),(7055,234),(7056,235),(7058,236),(7060,237),(7061,238),(7062,239),(7068,240),(7077,241),(7084,242),(7085,243),(7091,244),(7092,245),(7093,246),(7094,247),(7099,248),(7112,249),(7162,250),(7229,251),(8091,252),(9319,253),(10407,254),(8097,255),(17897,256),(17937,257),(18097,258),(23210,259),(24647,260),(25337,261),(24873,262),(35199,263),(39505,264),(39711,265),(40775,266),(41462,267),(42490,268),(43441,269);
/*!40000 ALTER TABLE `pooladdress` ENABLE KEYS */;
UNLOCK TABLES;

--
-- Table structure for table `address`
--

DROP TABLE IF EXISTS `address`;
/*!40101 SET @saved_cs_client     = @@character_set_client */;
/*!40101 SET character_set_client = utf8 */;
CREATE TABLE `address` (
  `id` int(11) NOT NULL AUTO_INCREMENT,
  `type` tinyint(4) NOT NULL,
  `address` varchar(64) DEFAULT NULL,
  `raw` varchar(256) DEFAULT NULL,
  PRIMARY KEY (`id`),
  UNIQUE KEY `address` (`address`),
  KEY `addresstype` (`type`,`address`)
) ENGINE=InnoDB AUTO_INCREMENT=49232 DEFAULT CHARSET=utf8;
/*!40101 SET character_set_client = @saved_cs_client */;

--
-- Dumping data for table `address`
--

LOCK TABLES `address` WRITE;
/*!40000 ALTER TABLE `address` DISABLE KEYS */;
INSERT INTO `address` VALUES (1,0,'TEW5LeA9uUgfTGTqGXf1o9kuhP8rUnqm5B',NULL),(2,0,'TNQsEpJNVbEMsJu1jDsTb5yLVcT6yrcPdm',NULL),(3,0,'TDJPNDFpTwVhofKBA8ZiuWtmcUi59yBwdT',NULL),(4,0,'TWMEVMS7jnmn4ijAyraPVwyRqsBA3Jmz9y',NULL),(5,0,'TJRVyjHNo5nKU3pNuZakrFou8PaEA5j2Lx',NULL),(6,0,'TJSbrkmzeiWVXJsTzcoxBrXPH1D93UAx2h',NULL),(7,0,'TE2kARbJQrqPG8GfdihzNUYgXxeEg21982',NULL),(8,0,'TWvWYgZCtrF5B3CFXpJKCLprPsLFjeUEfx',NULL),(9,0,'TKCiHHUzBscX1a9ZrgxNRq7cH6EjCw6Xx8',NULL),(10,0,'TBtDWKV1bsreZsGBm2nwXDqU3H84w977e4',NULL),(11,0,'TXbrHCf5398UnoUy2CQg5EFJH6PM7N6UWY',NULL),(12,0,'TGhS96hn8LiZuc8sdBAVo2gZWGK96nFzNJ',NULL),(13,0,'TFSvgbbPYFAvAWmrBqCntxAo5U9ByTgBSW',NULL),(14,0,'TGjNEUgngpeHHBybTnicMUfgbWegMRwA9i',NULL),(15,0,'TEgvDTYdE6idQ4HYUXw3Jo7ev3bFmhJHuU',NULL),(18,0,'TNjGzViYGWDq6zEEBgk3XCYkzAe4X73sGH',NULL),(19,0,'TRPLFp3xDZ7Y8tcXnhM7etQqbiz5qw4pFc',NULL),(20,0,'TLnbscwBsyqvBXHVFTMGE2piC8QabWU5u9',NULL),(21,0,'TMJgdYn1mcCXKyMmTjgA6FaCpcBPjv3Zh6',NULL),(22,0,'TFKwHCayn89MsGdRXjuDTaMRw3BaTBBRdo',NULL),(23,0,'TPHGzPUZMvSXnPfrphaWnCgUD4sSh3wd8g',NULL),(32,0,'TG1BU3BgQJZqa6rjNGzHXZZapnhWpLZ2ik',NULL),(33,0,'TQcY7aef73kTbLXUn6uCP6d7GJQWoyez1n',NULL),(34,0,'TJ3P7VDtuGqzrJDvF4rT4UgeY89HV8AcSk',NULL),(35,0,'TAiKANFjVLXZxusieuCSwXBKackn57xeB3',NULL),(39,0,'TXbcP1PycLruwmcG6goCXQFRvShj3tE82y',NULL),(41,0,'TXQvP1GQgEik35WVWPGuvaw2VDvqTQHdym',NULL),(43,0,'TEz3UpkHSSBPVUGjf7mSJVZoeC8WZDk62u',NULL),(44,0,'TRH6WwafdSknuWhygFmBSeNtppdn6b3eyF',NULL),(45,0,'TRX662VkEYe841ggBf14H4mYLNbSgjns5X',NULL),(46,0,'TYa6MfFoizZ8pAvwBLL7FNEkV8XkkhPVyH',NULL),(47,0,'THaicBzcZJ5d7VJgB4YPnEfdAygCwgCaqA',NULL),(48,0,'THP94QC4KeoxFRL9DWt6A6ogrohdzfpwFi',NULL),(49,0,'TMrQL6GBhUYgbe48ch6JuoDpQpT7uknHSt',NULL),(50,0,'TC4cq8XzHLomYCEPfv52TtFR2EJQevJDF3',NULL),(51,0,'TR9EVxTUyzrhYFRJRtgMgdbpAqkGfKqscA',NULL),(52,0,'TAKJBpSEG8E8FzU4CrA9cKaEVriiZB8xgx',NULL),(53,0,'TLz1xCi4Uk9e44C8JY54w6C1QUgXJgR6HX',NULL),(54,0,'TPASCsqsQ7JuPpv4Gds43MLHLdMVLfwHCB',NULL),(55,0,'TBHt7hLphrQrkPovNmN3tj8GgyqwZys9mX',NULL),(56,0,'TEP8FXqB78kfxY159BJd58JviE38gZwvGT',NULL),(57,0,'TCV6tiMjYL6CMFJjtAmSTv6kj5BWaDzNF7',NULL),(58,0,'TVXdxzExjUYYqvxWZsWQoHwMGwQD9PDSyF',NULL),(59,0,'TXXd7NJUfSruiCudTRwjNmRUpL4ij39s14',NULL),(60,0,'TWwA3Y3LHKpzKiBEssJcbA9C4fJbx2bZ6T',NULL),(61,0,'TRvJGFFsUv4pNvmcYDNwy27U3Huu6EXFeR',NULL),(62,0,'TQ9ytZodSxEhDXuuGUaN3BDUxBLiT1Aaj1',NULL),(63,0,'TLRWGy8qtpAF5jE5yAMnB2ZfJ3FfDzCs44',NULL),(64,0,'TPkcuaTkjgWAchuaZgopCBZv1o1dBeNGqd',NULL),(65,0,'TPfSkC99aw6EWjGLe5sXQYNvWibondradx',NULL),(66,0,'TTc6CyyLVDHgWoTJhWyNMbCyxAwPezJSfi',NULL),(67,0,'TTXYfhwFfnjKhpj3ecYQhRkRFycGVM6QBT',NULL),(68,0,'TY6mPqM93v4oX6AmbaSGP7gJbKX9UZ3eCX',NULL),(69,0,'TQwGY2yeQXi1ZPVwMbuRmq3yXq7DaPf9yU',NULL),(70,0,'TTLRTMaLKHzpvt2YUimBMegiKj18KAfPPX',NULL),(71,0,'TQuZ99XRxWqHftHmmgJXtMoiFeXY5iEd4g',NULL),(72,0,'TEFXvYLo58BQ8ZGRXtLymp2PYzCA4yvaYa',NULL),(73,0,'TRTv89RP7zsvTY8aSKr3Zj5GrX3bonu8CQ',NULL),(74,0,'TYgzreauXQcTTmKd1ihV8mvcomzwEZtB2Y',NULL),(75,0,'TWe5o6sahjAQUPH5cruUDzhkLBTZQuxsfD',NULL),(76,0,'TAaqd2UXvvVFebzrpdFMD4dLFPo9jXpK4S',NULL),(77,0,'TCamqZb8FagshfKJkRi6t3NA81Q5j69JrX',NULL),(78,0,'TULc2tgCU73TXryZp3n3GpLptU3GDWBGj1',NULL),(79,0,'TBXXAdKdsNc8YHpJS6UTAYNcyyG3t4TGYk',NULL),(80,0,'TDg7wfGqwKgm5LRRkKWM56qkMJiuBkQPiv',NULL),(81,0,'TFQXEeECXCYVmCbokZmdLrHMsMi3g4ab8j',NULL),(82,0,'TGFMSKe6J33zi6yGyMCgLvmDCEGE15mFKa',NULL),(83,0,'TUZBaoWDfTNE4dxaS6Fq2wy2UGfcETopEB',NULL),(84,0,'TS1ys5J5AFbGFGyHLnLPGAko6gkY1L95xM',NULL),(85,0,'THdvaBafZNgnePJHrQ7ErYmqnGbANLw1KS',NULL),(86,0,'TQis8PGeHr4cA4V6bvh1vG3Qv5GTBHMLyr',NULL),(87,0,'TV79vRfvz2WTPNyxFvzk6Rk2FYhiHNT2da',NULL),(88,0,'TUNbovEFj8jboi9QZLo6fX7PWLNsitF5My',NULL),(419,0,'TScNHXf1Dz767DVYJj89EBKQw9rAosXRZa',NULL),(492,0,'TWZArK8muNGQK15Wqj9RDaqivsJYbPwpfp',NULL),(544,0,'TPkQMdXtUaYZE4SjZqsKGcmbGiwpsrYiyQ',NULL),(550,0,'TEneqchpfoK5Lvz4e3dLqU6ejnBgPsUb9q',NULL),(553,0,'TXCJTWRnkAXSG7BmGdEx7PR8hFrJTyV3Ui',NULL),(646,0,'TGuL7AKJXEgLaPj87rPJ5KTKccfJJ2yCDo',NULL),(649,0,'TSAqELSrkDWETCFCDwznJW646dUabLGGei',NULL),(652,0,'THLLfE4JVyUUuDZ9djwCyqg6fPj9vGXzr4',NULL),(653,0,'TGQjNwpdmZrmXjoJMnYn85GAvfBUDQ7Sw7',NULL),(655,0,'TRYyoXj5Xzs2rRRwVEqGjcqV6UDmrWTji6',NULL),(656,0,'TBd6V199mk7dK38Z2FTw9mpuo14qy6AHFh',NULL),(657,0,'TSgC63V9SiC3tNF8zhYXmdR5gfNP2qj9Jn',NULL),(658,0,'TKECVt18hM5G7Kn8GWsAeevrSzRe2miD67',NULL),(659,0,'TCh8SqqtL3kP4vQW4NPverAQTrW1NmqB7T',NULL),(660,0,'TAKzReKorxAWcxKFKqp3PR1aq2oQL9QgJt',NULL),(662,0,'TCCRXnN4RNqHVUTtKjkV5gP4uXQFXC6mNg',NULL),(664,0,'TX11ESUyy8tza5gGzqQ4J5XYRWFZZY8t1c',NULL),(665,0,'TP66qXZ6WvDNcVyvCffTFiKkyN2aJCeCHM',NULL),(666,0,'TW51BRV3ydimosb4cPn9wLwUgdVgELxXXj',NULL),(667,0,'TRgLDJkFHByqsckBb6GToUSfHxZ5BNwEf5',NULL),(669,0,'TM1sCq7gxFj3dWpG5caTZ8YSXBDMRZuvmc',NULL),(670,0,'TSwU9q12GJPB5YzAsh49qGRCYCH2odVT2K',NULL),(673,0,'TGaG3Bd3xETKmbm8ZSHvW2WASSJm6gzSrd',NULL),(693,0,'TQzBaF49Yj4DgdUCKfuezuzxdstwCqzfEz',NULL),(719,0,'TQ9iVBr2Uw5LCJVL4E5yUooLqvftVmXu51',NULL),(727,0,'TN1UhM5iceEhiv34TmEheQ1zHJMc25tK5V',NULL),(775,0,'TF39XJHwNX8Mfs6MBSE9aHiti4Vu6Wzbcd',NULL),(783,0,'TWD2GmTfTgMBviP23JYEWnxuJhFjA2XgJk',NULL),(800,0,'TXMDywiY1yruED4NcvKLXHfReDqi91SDqP',NULL),(826,0,'TZ7V5V5XtrdG7uKSpHgkXce2GKCx5dd6Cn',NULL),(903,0,'TGFMaBWqcUD3vW2KgLGMWW8UHuzWvv9tn5',NULL),(920,0,'TSqFpLkufXmwUedY7pXRhFqHyH6ij15etA',NULL),(947,0,'TBEVkeSoNve94bNDZVZpEq2BQcFdtfc5BC',NULL),(999,0,'TJbHj5qJzzcrs9dPUM8h6JMJ4Ycta7qrN8',NULL),(1018,0,'TPGUreDEf4NaD3BW24G4XeqVwtKESxDwoG',NULL),(1078,0,'TAnVEoeTSjDZ9oFuWa6PGWzK5bvG662Pq8',NULL),(1083,0,'TTJg4VRtHVWatw9J6tfJa9gdDgAi4qj9j6',NULL),(1141,0,'TEDXFz3NwGsRxAawjJbgkEGT2TykwweVFx',NULL),(1152,0,'TLJsEeBbzPHGcLRghUTH83TZDiUZkegFC9',NULL),(1153,0,'TC9iDE5S7wvNBd5gJemCgGZCknnNqGKSk9',NULL),(1157,0,'TSs6mu5S9Ajev86LuPYgqGfR7Qsp6cUTTB',NULL),(1160,0,'TDZqVZbqtHZmUKArUryEwvD6PL5sPScrqi',NULL),(1161,0,'TQX1wPjZQXBhzBxNgWDJPxNAWRTM3pdcvP',NULL),(1162,0,'TVkhboL6HqwW6cmyU6Ae8c9oBe5vGQJbQ7',NULL),(1163,0,'TYQbXTefWrXz4tzEhmuAXNWMzYyKfZTvHk',NULL),(1169,0,'TRd8evxUqjo1gr2y9meBebASsgpEGQKh1E',NULL),(1172,0,'TGaNCwgAj7CWRAt4SCcfxnrLJdB6uMKDnU',NULL),(1181,0,'TLAdbusgyAnJo2gkuiPbpxcaUXZcYnQrzJ',NULL),(1281,0,'TRC5zCzjebNuMgWotr6b8XE9eRB1K1GzLh',NULL),(1296,0,'TGKiMojikgkhqXFMY2ohhDNdbwg6RCwqss',NULL),(1328,0,'TFZKxnEVXereiRv92XvGNe9Ju46X41bc6S',NULL),(1488,0,'TWMYFtoK15qCEM694ksoTNEndanu3A5bFz',NULL),(1511,0,'TFCkCjvzfY9BrvpRSGzNpgtpofKtFQiS6S',NULL),(1526,0,'TXqeud7R7ZoS3QQgdYLWtKhDjMPk6PmxSt',NULL),(1529,0,'TEmx12PnGMHA9yK1DosoUsJcSduX4Dy9WW',NULL),(1538,0,'TGfExDfCFYCrUpNri9emiWMZvtmYdR8tmr',NULL),(1544,0,'TYKgxbFMLAyrZipqsp31i2Fun3sniSDYHc',NULL),(1572,0,'TMw1n4dD4LGMhv4uM4JSH9ohNBXQiG9krn',NULL),(1584,0,'TGLKPbZNNPJbo31aZTVqEezYxzQfDdTRpy',NULL),(1592,0,'TRagBawMwaot9Nq4bUANvsAqDYPkgYpWsy',NULL),(1599,0,'TAt4GRnj4HY3oyxbs6SaKnYuT2jyfTodte',NULL),(1608,0,'TTQLRGzTnb8CEH7ZMU9DwUXRGsLGBNq3U5',NULL),(1625,0,'TLPaYriGb9TraAyjysXKwsjPa7r8xTxyuj',NULL),(1631,0,'TLYjnn4Xg4U2Fe95zM5b6Wb63NXTCiSqxs',NULL),(1652,0,'TMidj3CcdbtFyNBijptCJjnqUKn3TPQeuM',NULL),(1661,0,'TCwRcTLbJTCKc7D9Jh1TpPdX6YF6BMtXGy',NULL),(1688,0,'TVMuDKEz7dirnesYfaAPhNR3mBg5jKimrj',NULL),(1725,0,'TDD8kdzXEVcZSKhR5AYu6D1PiMP9rAjWiC',NULL),(1753,0,'THj6y9NujQChWo7kAu8Y2fivkX8uw5tEQ8',NULL),(1755,0,'TMqkmVysat6ocQmwAU7Rg5ok6ToyB3X7PT',NULL),(1770,0,'TRMjgMapcY5fndUC4v4sEyw6q7wLU2EPQG',NULL),(1795,0,'TMfG39bXRNfCgKE8icWf8FBSbPS6nvd9qY',NULL),(1860,0,'TCidwcuc2Vut9Xdm2qv7dBrKFMr2SHtuwh',NULL),(1869,0,'TWhTmEoppBDZE7Nch48E3B7onkvQXkbbCa',NULL),(1875,0,'TJR2xJFtnuxvCjAznqrzjsVsSSVqCx4ivs',NULL),(2067,0,'TMi57BiUH7F6zy71dsW4ipX867C2TEyZQo',NULL),(2152,0,'THg2DsG1ZgSBedb1v22LpovyXdLBK3Aekq',NULL),(2155,0,'TAtVPvwZjRQKPAmiX8X3wyedTtgdXNSzyj',NULL),(2258,0,'TWYwm74R8C9mJMNmYen7Rv6LKzPRY6cWYY',NULL),(2316,0,'TRV3gHo7jPApQj8etftUnfYCvx6sRFUjNZ',NULL),(2318,0,'TXpK7ESU865ydV61mHVepR3HeEjfHWYihh',NULL),(2364,0,'TKaktDC33wbkNeFGt9TWt61me5nJRjVGF5',NULL),(2415,0,'THSUGojYeDmSF5ZR2HvRUwpGNr4j3zssnM',NULL),(2419,0,'TY7mb7aP1PNztcdGgYexgEkpyXUvUrwGRx',NULL),(2458,0,'TMtuiUCGpzvVhAL9TsBzJ1PZPVwoG8VW7z',NULL),(2477,0,'TGazspqKDgamydE7TKbEeLR6LUnDVtNQSG',NULL),(2490,0,'TLNLD3wuWQZPiY95B22EuyoNeSShRfw2ZN',NULL),(2502,0,'TXPCEkm2dERc9axfZvc63anv7xF5CoMixy',NULL),(2566,0,'TDbjok3jTN12GvnmLGm9P2HM21LmyB55SL',NULL),(2570,0,'TZDPyexPeU3KrMDeAPvfJGJuzRiNu3rtyc',NULL),(2577,0,'TV7eqrfanPz9Jno2BXyDoNTTj6M6EPxHum',NULL),(2769,0,'TUxSwwLNmnotXTe2S8VK75tz1jFN2XNYBT',NULL),(2812,0,'THJSCWshiToWR9fkj51qZeVxbKwVCAJp4S',NULL),(2818,0,'TDDRVazJLKixDBoswcbCqskiFpKELCbSTP',NULL),(2842,0,'TMd6eAPpSux9vA8yszEumbrQaEqsKV98v9',NULL),(2849,0,'TPzVaCJqEbKjvF1h4DqmKBXPWLhHK7mhue',NULL),(2852,0,'TGww4oj5y6D3maGwtfRuJyWoZbvD9R6tuF',NULL),(2853,0,'TKg2deKesBiTtwFiwB4f6V5YY8L5eT4wYa',NULL),(2854,0,'TTiVBo9868VP8YoadypSm4MXDY4fFRzZvq',NULL),(2855,0,'TEyemRTmRcp2kumrpXXr99Mcok6cabB6ZN',NULL),(2858,0,'TYU72zKexL9Dv6MWpXAw1cX7K6fhyhXVK1',NULL),(2859,0,'TPTCve41iqP8GvpbSHDLpqGi1UsN8uzBqr',NULL),(2860,0,'TCgeP34RMJ2WvcNQxn4UwkfVcErkuX86ai',NULL),(2864,0,'TFXh7QEy2wGqjGrLpArmauYnHhCTMBtTog',NULL),(2865,0,'TJb7L63AphRta8ADrg3WfYd25z8za2yVrL',NULL),(2866,0,'TWKfgNQGUreVftwmyaDbRZLH1HFoZJcUGn',NULL),(2868,0,'TFWkTqSU8CAtXWUiQAZt56uHdBaYUvnQf5',NULL),(2871,0,'TEr9P9XBRqcC2rqgqS64AowKGyT3GfDNQU',NULL),(3019,0,'TCBMMNhsZB1EqqJHBk74VWbw1uYQxVKJt5',NULL),(3020,0,'TThEVweYmcCoN183BPxcVXcmDXeLkSpdgw',NULL),(3024,0,'TGYtqB7Y5BUn2KLrBtFvD2qD3i9J3jCDXb',NULL),(3026,0,'TMddAjx1ZwQBF6eRZH9v8n5QV6zSshLLoF',NULL),(3072,0,'TV6h6ptRrW4FuGd3NHDtEN86ShhtWaYfsR',NULL),(3285,0,'TYbphBvEr4URNLwYo8YMMizedbjvQxkedL',NULL),(4133,0,'TUwSindRPgfTZfoFEqzy5HbPoGzdVuHWub',NULL),(4275,0,'TH6UjicVw1x5zQsm7bymN9jteBt2XJpGcU',NULL),(4534,0,'TTyRyaeV6HzxyM3fAok3ynk1cF8NC9XJbx',NULL),(4839,0,'TPiWGMvXX571HWTCgvqcUW33BJFZJpZVp5',NULL),(5399,0,'TVKpy3yuxnoDaRFjPV16e8yJkzJ5c36eWB',NULL),(5501,0,'TVJM6n5J4EBhkU3pttm6YB5YrcREp7GKWY',NULL),(6004,0,'THKzxUo7PLtQVF9AY8cKgGjN5ZM1gqrTmG',NULL),(6090,0,'TUehZ5SBSmsm7CforhypLaQ9JSMXVyiNv1',NULL),(6104,0,'TTXLmqQahHwpVHs1CVbMUWy2sASQzA47zr',NULL),(6862,0,'TLN8LQXEGUu3aeaqEpyJziwAqMoQVcCg7U',NULL),(6877,0,'TP31MSaukxqbvSmAhYBbCpbiVd25L35knM',NULL),(6905,0,'TAFjLSBpCqMxoyejnKzNr9ru9fu8j2YEcb',NULL),(6922,0,'TY9rBat83nvz7vTZJJcUbXmEXSux7tGMcu',NULL),(6923,0,'TUz79SxM7XTGLeuw6ftsLyzYJd2Txqw6qK',NULL),(6926,0,'TQRXtJz8oP3xpZzknmVVx527Tr1y6pqdrn',NULL),(6927,0,'TMHoiSWBDsxCV45uRjko6jeUfDnvcmYQ7w',NULL),(6928,0,'TFPrPpmwrpEsczQD2gRcG9wqK8dcLquLM1',NULL),(6929,0,'TTgP8KdMZrsqRJQ4Lh8tAZwc6UjRSKUQcd',NULL),(6932,0,'TUNnT5zkvwHUGs9myDBgvZr4HMFRpHxLQ7',NULL),(6934,0,'THJxaTM7GwNnNUXQSHqyPhZjKRHoQT3haU',NULL),(6937,0,'TSh856YQvEmGr1cgZrwYaXAKTrM6nX9dT8',NULL),(6943,0,'TSVXd47q5Q5mJ9QvoqSu7A3h8U9WG47A5U',NULL),(6955,0,'TX9fNrzn2enSAgwy6SY22dyeq2uUVHtW25',NULL),(6956,0,'TBjN8aG2CxtvU1LYLVTwr1hRNgz8cnsHGp',NULL),(6958,0,'TPwrunndYVu4nuQPyoy9q7K6scbbajrjP2',NULL),(6959,0,'TFux9eoriVjrMLvHQKzPAvQSm57VXiURcS',NULL),(6961,0,'TMcCTsNfHwY13kNH2ywdNg3AjjgsUv2YYJ',NULL),(6965,0,'TTekqe5sCWEJYwseNtkRKJvq9e6m6mxwsY',NULL),(6974,0,'TKaoLJigJ2QN5i433edKwMCHkE2YfHTszL',NULL),(6978,0,'TTnA8bEesSZGF3MsXEVWMUHGgJvnCLajie',NULL),(6990,0,'TSpRV2tAHmWUGLFUJjmJc1CzsumvthFjaH',NULL),(6991,0,'TTap2tD2emij4Dcg1iMxm3iD1wSWcUHJe8',NULL),(7008,0,'TXq53SQY1GjEqQNjJ2xi8RLfMEczTtRc1z',NULL),(7018,0,'TFeZYPtW31dA2zoY2KUmgdhgDb53cawzta',NULL),(7027,0,'TRCMCgya6VBYijMqUz7dPtGRR5K3cGtg94',NULL),(7028,0,'TFxqwFAzCAXMnuqLhHG6kRNWMVcjzhxX3b',NULL),(7032,0,'TZ1nfrmjWZVDkBTBJWJ2cLtwMmmBYNKtY3',NULL),(7037,0,'TUnLLQynHVCaC81MYYiHhbDhEGQgwiQKxz',NULL),(7038,0,'TUku2CtwcprggthUJQFH9BsS6WSCyNTg3W',NULL),(7044,0,'TMKs2Ej1UWc9Rx97WRScCszTgYRSzG4ENv',NULL),(7046,0,'TRLYm2DUV2Tm6cpQLeAe81ECQ7mEd5a39g',NULL),(7047,0,'TKtwh8uLfbrTnCyiywihNqLCCfC4rrjeq4',NULL),(7048,0,'TWQm8ApsnCZSRoLdeYTDW4Kd9G6fRc9Ki9',NULL),(7052,0,'TDWUg7P3CiGnJH5Fe3RyFgAn9HoWTqinr8',NULL),(7053,0,'TG3ZZstLZADx8J5CAQfrzoKEkGxyrEiwah',NULL),(7054,0,'THbDCqgiR9oqXYsMeuNxGpz5pGqQwndpXC',NULL),(7055,0,'TNW3H8E6ZMf65cDg7nBWg1SLWUSe3YBBcu',NULL),(7056,0,'TUNzYFXryD57SJMqGHjcZ4P9cDqwMq7pSZ',NULL),(7058,0,'TE51qRTgx6DHe5qw6cUn9cCYwcLAtH2hno',NULL),(7060,0,'TNECFwJeZ16FM8xSmvgtWH4dudndTMZJ4Z',NULL),(7061,0,'TBM5oJ38MNLgbHjkyfBniC8odpm4HqEcx6',NULL),(7062,0,'TMpWhnbQrMEGCRo4y42G12voey4R9HacFD',NULL),(7068,0,'TXU8eJFqfJf23imeFuEZXdevPbtW8J9eYR',NULL),(7077,0,'TBBBrMjzRs12byWC4hBGyT7MWHKrBDx1NR',NULL),(7084,0,'TTwNmrJzP7uoqZsMohwog38xuunijDQ6dN',NULL),(7085,0,'TG5gNg6bhFygmVL5fxsLCp9Be7gZw1Xb4a',NULL),(7091,0,'TB8pZUYrb9ktPx2JVN6uqSMR4nLBL3jP7t',NULL),(7092,0,'TNikCrXouP43jwu3jSbB9mZBnbBURWzGFC',NULL),(7093,0,'TSosVMrA7SJcxcr2tWoenHqJoSqzoPzngY',NULL),(7094,0,'TVzMThXKD2M5iVXN9YgSBgDwjVFQaTNsmg',NULL),(7099,0,'TBNGxzPjUkvBBA3it2qoJDhCYvVRzv1GMA',NULL),(7112,0,'TKsaah4Vi7wdewHbXqDkSHDwWaRxSUfsVE',NULL),(7162,0,'TK4soGNveXLSj61JkvopzBriQUpB9cZpP9',NULL),(7229,0,'TA1K4k6WGqWCCkH37n5WkggdpGM76gZ6H4',NULL),(8091,0,'TGqsde7Fbso12qsgNbixxg1jFwjVyRcfRC',NULL),(8097,0,'TUXYeetTp4N51MaMz1cgqcXiN9ymx76AQq',NULL),(9319,0,'TUy8kRKdD3VPNXW3yrChEWTtPK7XE8TgXM',NULL),(10407,0,'TGCEovtukKD7fWTh7CjRw2p3t3jP54dNJZ',NULL),(17897,0,'TDsVktpjBgtGQ8WSsR6LADdK2fKxHDG4Qk',NULL),(17937,0,'TUVqM5LFr8X3DgxuLAcAi7DMC8Ed5vhQSp',NULL),(18097,0,'TXYt3b4bsPAek9b7zutgFr9x6ao2zE1x77',NULL),(23210,0,'TCxF9cQdziGLfMHpg9Huak2R8H9DBMTQ5J',NULL),(24647,0,'TAEjxdoqp9Ln46MLC3uVa8ENdKiCBCcHft',NULL),(24873,0,'TLVQYdf9K68CstH83y7uFaQ3ygKdafnfqr',NULL),(25337,0,'THeGUQCLRcNu9wfiV29J5ZaRcG9gVL9P2n',NULL),(35199,0,'THhTzWJWhzW888edbQroxjLUgkj3HDABfh',NULL),(39505,0,'TLPaBXK3nBkLgE5nzZEzWa2aCW6shSf7TM',NULL),(39711,0,'TD3riuUWkAXAMDse7WRpcxUT57z8VCe11C',NULL),(40775,0,'TAVsCFdNJixUaD89qgei5Woh4bsYyFASCs',NULL),(41462,0,'TDYmUEVrVYNP96KfRuLFHpuuotBP3VmvR8',NULL),(42490,0,'TJN94DJbNZWZWiUnzQVWjSiocyHSvZrSMw',NULL),(43441,0,'TGoJVSWFiyq6o3fi99gUzigog9K5vtyw3t',NULL);
/*!40000 ALTER TABLE `address` ENABLE KEYS */;
UNLOCK TABLES;
/*!40103 SET TIME_ZONE=@OLD_TIME_ZONE */;

/*!40101 SET SQL_MODE=@OLD_SQL_MODE */;
/*!40014 SET FOREIGN_KEY_CHECKS=@OLD_FOREIGN_KEY_CHECKS */;
/*!40014 SET UNIQUE_CHECKS=@OLD_UNIQUE_CHECKS */;
/*!40101 SET CHARACTER_SET_CLIENT=@OLD_CHARACTER_SET_CLIENT */;
/*!40101 SET CHARACTER_SET_RESULTS=@OLD_CHARACTER_SET_RESULTS */;
/*!40101 SET COLLATION_CONNECTION=@OLD_COLLATION_CONNECTION */;
/*!40111 SET SQL_NOTES=@OLD_SQL_NOTES */;

-- Dump completed on 2018-08-20 21:53:36
